title,manufacturer,price,id
microsoft visio standard 2007 version upgrade,microsoft,129.95,0
microsoft mappoint 2006 with gps,microsoft,349.0,1
adobe after effects professional 7.0,adobe,999.0,2
motu digital performer 5 digital audio software competitive upgrade ( mac only ),motu,395.0,3
illustrator cs3 13 mac ed 1u,adobe-education-box,199.0,4
quickbooks premier non-profit edition 2005,intuit inc.,499.95,5
mavis beacon typing 17 ( win/mac ),encore software,19.99,6
adobe premiere pro cs3,adobe,799.0,7
adobe photoshop cs2 advanced techniques by julieanne kost,software cinema,,8
reader rabbit learning system 1st grade,encore software,29.99,9
adobe premiere pro cs3 upgrade,adobe,299.0,10
punch ! home design architectural series 18,punch ! software,129.99,11
3d home architect landscape designer v8,encore software,29.99,12
microsoft crm professional cal 3.0 product upgrade license pack user cal,microsoft software,9980.0,13
microsoft office frontpage 2003 academic version windows ),microsoft,159.98,14
adobe creative suite cs3 web standard,adobe,999.0,15
printmaster gold v 17.0,encore software,19.99,16
microsoft windows xp professional full version with sp2,microsoft,299.99,17
microsoft licenses win svr 2003 ext conn lic ( r3900292 ),microsoft licenses,3371.85,18
microsoft office & windows training professional,topics entertainment,49.95,19
dk smart steps 3rd grade,global-software-publishing,9.99,20
microsoft office small business 2007 full version,microsoft,449.95,21
best of card games ( jewel case ),on-hand-software,9.99,22
instant immersion german audio,topics entertainment,,23
microsoft powerpoint 2004 upgrade ( mac ),microsoft,109.99,24
onone software pxl smartscale windows and macintosh ),onone software,,25
microsoft visual studio team edition for software developers 2005 with msdn premium,microsoft,5479.0,26
microsoft word 2007 version upgrade,microsoft,109.95,27
adobe dreamweaver cs3 upgrade [ mac ],adobe,199.0,28
hoyle : classic collection 2006,encore,19.99,29
adobe indesign cs3 upgrade from pagemaker [ mac ],adobe,199.0,30
midway arcade treasures ( jewel case ),encore software,9.99,31
digital vault,stompsoft inc.,29.99,32
microsoft windows vista business full version [ dvd ],microsoft,299.95,33
zero-g pro pack for garageband ( appleloops ),zero-g,169.95,34
microsoft asp net web matrix,microsoft,30.0,35
instant immersion german deluxe 2.0,topics entertainment,39.99,36
punch ! professional home design platinum v10,punch ! software,99.0,37
adobe creative suite cs3 design standard [ mac ],adobe,1199.0,38
microsoft crm small business ed cal 3.0 license pack user cal,microsoft software,9929.0,39
digidesign music production toolkit ( pro tools le ),digidesign,495.0,40
adobe creative suite cs3 master collection upsell,adobe,1999.0,41
hoyle kids  games jc,encore,9.99,42
net ad creator,laughing bird,39.99,43
reel deal slots 2.0 for pc,phantom efx,9.99,44
adobe creative suite cs3 web standard [ mac ],adobe,999.0,45
adobe creative suite cs3 design premium upsell [ mac ],adobe,1599.0,46
windows vista business spanish full version [ dvd ],microsoft,329.95,47
quickbooks pos : pro multistore 6.0,intuit inc.,1399.95,48
microsoft office mac 2004 english 3pk dsp 731-01163 ),microsoft corporation,,49
instant immersion spanish deluxe 2.0,topics entertainment,49.99,50
adobe software acrobat pro upgrd pro-pro mac ( adbcd01798mc ),adobe software,273.0,51
apple final cut studio 2 ( mac ),apple,1299.0,52
reference success deluxe 2006,topics entertainment,49.95,53
microsoft windows vista business 32-bit for system builders,microsoft,179.99,54
microsoft visual studio professional 2005 upgrade,microsoft software,549.0,55
peachtree by sage premium accounting 2007,sage software,499.99,56
adobe creative suite cs3 production premium,adobe,1699.0,57
microsoft sql server developer edition 2005 cd/dvd,microsoft software,49.95,58
computrace lojack for laptops 1 year license ( mac ),absolute software,49.95,59
valuesoft tune transfer for ipod software for windows xp,valuesoft,29.95,60
sibelius 4 professional edition,sibelius-software-ltd .,599.99,61
microsoft entertainment pack ce,microsoft,49.5,62
adobe premiere pro 2.0,adobe,849.0,63
microsoft office small business 2007,microsoft software,735.33,64
world of rainbow fish,global-software-publishing,19.99,65
mcafee internet security suite 2007 3 users,mcafee,89.99,66
sonicwall gms standard edition 10 node license,sonicwall,,67
microsoft windows vista ultimate full version [ dvd ],microsoft,399.95,68
irispen express translator,iris,149.99,69
microsoft office 2004 standard upgrade ( mac ),microsoft,239.99,70
adobe indesign cs3 upgrade from pagemaker,adobe,199.0,71
microsoft powerpoint 2004 ( mac ),microsoft,229.99,72
microspot macdraft professional ( mac ),microspot ltd.,349.99,73
adobe photoshop elements 4.0 plus adobe premiere elements 2.0 complete package 1 user cd mini-box win canadian french 29180162 ),adobe systems inc,,74
snap ! spelling ( jewel case ),topics entertainment,19.95,75
netmanage rumba unix-hp edition v. 7.3 upgrade license 902453-006 ),netmanage,,76
zonealarm internet security suite,zone labs,49.99,77
mediafour macdrive 6 for windows,mediafour corporation,49.99,78
microsoft office student and teacher edition 2004 macintosh,microsoft,149.99,79
quicken 2007 premier,intuit,79.95,80
adobe dreamweaver cs3 upgrade,adobe,199.0,81
national geographic presents : redshift 5 planetarium software,topics entertainment,39.99,82
the print shop 22 deluxe,encore,49.99,83
panda antivirus 2007,panda software,29.95,84
adobe creative suite cs3 production premium upgrade,adobe,799.0,85
power production storyboard artist 4,power production,,86
adobe cs3 design standard macosx dvd,adobe,399.0,87
adobe after effects cs3 upgrade,adobe,299.0,88
symc backup exec sbs aws 11d win sbs agent for windows systems,symantec,447.74,89
station access collection,sony-creative-software,29.99,90
microsoft office 2004 standard ( mac ),microsoft,399.99,91
instant immersion spanish ( audio book ),topics entertainment,,92
rollercoaster tycoon 3 ( mac ),aspyr media,49.99,93
peachtree by sage complete accounting 2007,sage software,269.99,94
recam remote monitoring software,mobi-technologies-inc .,129.0,95
quickbooks premier professional services edition 2007,intuit,399.95,96
logic pro 6 upgrade from logic platinum/gold 5 & 6,apple,199.99,97
britannica deluxe,avanquest software,29.95,98
tlc arthur s kindergarten learning system 2008,encore,19.99,99
tonka town ( jewel case ),atari,9.99,100
punch 5 in 1 home design,punch ! software,39.99,101
adobe creative suite cs3 web premium upsell [ mac ],adobe,1399.0,102
instant play guitar deluxe v2 .,topics entertainment,39.48,103
microsoft windows terminal server 2003 client additional license for users - 5 user,microsoft,669.0,104
adventure workshop 4th-6th grade 7th edition,encore software,19.99,105
jumpstart advanced preschool v2 .0,knowledge adventure,19.99,106
aquarium 3-in-one collection ( win/mac ),encore software,19.99,107
hoyle casino ( 2007 ),encore,19.99,108
mcafee total protection 2007 3 users,mcafee,99.99,109
microsoft visio standard 2007,microsoft,259.95,110
procurve vpn client software unlimited client licenses,hewlett packard,,111
adobe illustrator cs3 [ mac ],adobe,599.0,112
microsoft office 2004 professional ( mac ),microsoft,499.99,113
microsoft onenote 2007 upgrade,microsoft,79.95,114
adobe after effects 7.0 professional ( mac ),adobe,999.0,115
computrace lojack for laptops 3 year license ( mac ),absolute software,99.95,116
punch ! 5 in 1 home design,punch ! software,39.99,117
family tree maker version 16 essentials,encore,29.95,118
high school advantage 2007,encore software,29.95,119
adobe indesign cs3 upgrade [ mac ],adobe,199.0,120
turbocad mac 3d for mac,imsi,249.99,121
microsoft windows xp professional upgrade with sp2,microsoft software,199.99,122
adobe illustrator cs3 upgrade [ mac ],adobe,199.0,123
microsoft visual studio test agent 2005 cd 1 processor license,microsoft software,5099.0,124
microsoft onenote 2007,microsoft,99.95,125
math missions : the amazing arcade adventure grades 3-5,scholastic,19.99,126
acrobat professional 8 ( windows ),adobe,273.0,127
math missions : the race to spectacle city arcade ( grades k-2 ),scholastic,29.95,128
national geographic photo gallery ( jewel case ),topics entertainment,9.99,129
peachtree by sage premium accounting for nonprofits 2007,sage software,599.99,130
usa/world extreme landscapes bundle,abacus,39.95,131
sony sound forge audio studio 8,sony-pictures-digital-entertainment,69.99,132
upgrade emc retrospect 7.5 multi server windows only,dantz,,133
punch ! master landscape & home design,punch ! software,99.99,134
adobe photoshop cs3 extended upgrade [ mac ],adobe,349.0,135
family tree maker version 16 collectors edition,encore software,,136
instant immersion language lab deluxe edition,topics entertainment,,137
emedia intermediate guitar method os x,emedia,59.99,138
steinberg cubase studio 4,steinberg,499.99,139
registry mechanic by encore software,encore software,46.52,140
cubase 4 competitive crossgrade,steinberg ( yamaha ),549.99,141
autocad 2007 courseware customizing the interface,autodesk psg,47.95,142
humorous greeting card factory,nova development,29.99,143
microsoft mappoint 2006 standard edition,microsoft,299.0,144
hallmark card studio 2005 deluxe,sierra home,49.99,145
instant immersion italian 2.0,topics entertainment,29.99,146
burning monkey solitaire 2005 edition,freeverse software,24.99,147
microsoft office & windows training,topics entertainment,29.99,148
steinberg cubase 4 digital audio software,steinberg,999.99,149
adobe photoshop cs2 ( mac ) [ old version ],adobe,649.0,150
diskeeper 2007 professional single lic pack,diskeeper corporation,79.21,151
adobe creative suite cs3 design premium upgrade [ mac ],adobe,599.0,152
punch ! professional home design suite,punch ! software,69.99,153
instant immersion japanese ( audio book ),topics entertainment,,154
peachtree by sage pro accounting 2007,sage software,169.99,155
allume aquazone seven seas deluxe,allume,38.89,156
marine aquarium 2.0 ( pc & mac ),encore,29.99,157
hp sp linux we 50 lic/cd 3.0 c t3586a ),hewlett-packard - ( consumables ),,158
textbridge pro 11,nuance-communications-inc .,79.99,159
adobe production studio premium,adobe,1699.0,160
adobe creative suite cs3 design premium [ mac ],adobe,1799.0,161
microsoft data analyzer 2002,microsoft,179.0,162
punch ! home design architectural series 4000 v10,punch ! software,199.99,163
m-audio pro tools m-powered 7.3 m-audio compatible world-class production software,m-audio,299.99,164
instant immersion italian platinum,topics entertainment,129.99,165
elementary advantage 2008,encore software,,166
quickverse mac bible study 2007 white box,findex,59.95,167
pinnacle mobile media organizer,pinnacle,49.99,168
adobe soundbooth cs3 [ mac ],adobe,199.0,169
symantec client security 3.1 with groupware protection business pack 50 user,symantec,3732.0,170
ca internet security suite 2007 3 user,computer associates,69.95,171
adobe photoshop cs3 [ mac ],adobe,649.0,172
microsoft excel 2004 ( mac ),microsoft,229.99,173
microsoft word 2004 upgrade ( mac ),microsoft,109.99,174
business card factory deluxe 3.0,nova development,29.99,175
middle school success essentials,topics entertainment,29.99,176
systemsuite 8 professional,individual software,49.99,177
symc backup exec sbs std 11d win small business server standard,symantec,811.21,178
microsoft windows server 2003 client additional license for users-5 pack,microsoft,809.0,179
palo alto business plan pro premier 2007,palo-alto-software,199.0,180
3d home architect landscape design deluxe version 9,encore,29.99,181
onone software intellihance pro 4.1,onone software,,182
microsoft windows vista home basic upgrade [ dvd ],microsoft,99.95,183
microsoft visual studio professional w/msdn professional 2005 renewal,microsoft software,799.0,184
adobe acrobat standard 8.0,adobe,449.99,185
computrace lojack for laptops 4 year subscription,absolute software,119.99,186
microsoft publisher 2007 version upgrade,microsoft,99.95,187
adobe flash pro cs3 upgrade [ mac ],adobe,199.0,188
quickbooks credit card processing kit 3.0,intuit,39.95,189
instant immersion spanish audio deluxe,topics entertainment,39.95,190
professional home design suite platinum,punch ! software,99.95,191
vcomm system suite professional 7,avanquest,49.95,192
quickbooks pro 2007 for mac ( mac ),intuit,199.95,193
adobe after effects cs3,adobe,999.0,194
dreamweaver cs3 9 mac ed 1u,adobe-education-box,199.0,195
namo webeditor 2006,namo,99.99,196
microsoft visual studio team edition for software architect 2005 with msdn premium,microsoft,5479.0,197
adobe creative suite cs3 design standard upgrade,adobe,399.0,198
casual games pack,egames,19.99,199
genuine fractals print pro 4.1 sharpener pro 2.0,onone software,,200
phonics success deluxe 2006 ( large box ),topics entertainment,49.99,201
norton internet security 2008 10 user,symantec,199.99,202
instant immersion french deluxe 2.0,topics entertainment,49.99,203
zipmagic personal edition,allume systems,19.95,204
adobe fireworks cs3 [ mac ],adobe,299.0,205
punch ! super home suite,punch ! software,49.99,206
retrospect 6.0 desktop mac upgrade,dantz,59.99,207
emedia blues guitar legends,emedia,29.94,208
acid music studio 7,sony media,78.95,209
reader rabbit kindergarten version 1.1,the learning company,9.99,210
apple ilife 06 family pack ( mac dvd ) [ older version ],apple computer,99.0,211
printmaster 17 gold by encore software,encore software,30.66,212
adobe creative suite cs3 web standard upsell,adobe,799.0,213
places ( pc & mac ),fogware publishing,29.99,214
family tree maker 11.2 collector s edition,encore,109.95,215
microsoft windows small business server cal 2003 license pack 20 client addpack device,microsoft software,,216
rome total war gold edition,sega-of-america-inc .,19.99,217
ca arcserve bkup r11 .5 win agent mac os x upgrade prod only,computer associates,,218
microspot macdraft pe ( mac ),microspot ltd.,99.95,219
adobe creative suite cs3 design standard upsell [ mac ],adobe,899.0,220
sibelius 5 professional edition,sibelius-software-ltd .,599.0,221
my guitar,emedia,29.95,222
pop-up stopper professional,panicware,29.99,223
sims 2 pets expansion pack,aspyr media,34.99,224
corefx three level,core learning,59.95,225
microsoft student with encarta premium 2008 dvd,microsoft,49.95,226
delorme topo usa mapping software 6.0 east region,delorme,49.95,227
individual small business advantage deluxe 2006,individual,49.99,228
pc tools spyware doctor 2007,encore,29.95,229
project x project management software,marware,199.95,230
apple xsan ( mac ),apple,,231
chessmaster 9000 ( mac ),feral interactive,39.99,232
land before time : kindergarten,brighter-minds-media-inc .,9.99,233
adobe creative suite cs3 web standard upsell [ mac ],adobe,799.0,234
learn to play keyboard ( jewel case ),alfred publishing,9.99,235
adobe photoshop elements 4.0 ( mac ),adobe,89.99,236
marine aquarium & goldfish screen saver by encore software,encore software,,237
jumpstart advanced 1st grade v2 .0,knowledge adventure,19.99,238
adobe premiere elements 3.0 [ lb ],adobe,99.99,239
corel wordperfect office 12 standard upgrade,corel,149.99,240
mavis beacon teaches typing deluxe v17,encore software,39.99,241
adobe premiere elements 3.0,adobe,161.73,242
adobe creative suite cs3 design premium upsell,adobe,1599.0,243
phase one capture one le,phase one,,244
apple final cut express hd 3.5 ( mac ),apple computer,299.0,245
century software tinyterm plus v. 4.0 complete product,century software,,246
vpn manager five to ten firebox,watchguard technologies inc,1995.0,247
hp dss software v. 4.0 complete package t1936aa ua0 ),hewlett-packard - ( consumables ),630.36,248
instant immersion spanish 2.0,topics entertainment,29.99,249
ae outlook 2007 win32,microsoft corp,,250
quickverse mac bible study 2007 gold box,findex,349.95,251
readiris pro 11 corporate edition,iris inc.,399.99,252
emc retrospect 7.5 professional for windows upgrade,dantz,,253
instant immersion italian deluxe v2 .0 ( large box ),topics entertainment,29.99,254
micromat podlock ( mac ),micromat,69.0,255
microsoft works suite 2006,microsoft,99.0,256
ubi soft star wars activity center windows ),ubi soft,29.99,257
microsoft outlook 2007,microsoft,109.95,258
emedia rock guitar method,emedia,39.99,259
state standards grade 6,topics entertainment,29.95,260
instant immersion japanese 2.0,topics entertainment,19.99,261
superstart ! science arcade,selectsoft publishing,24.95,262
adobe acrobat distiller svr v6-cd sun 100u 42050106 ),adobe,9104.19,263
quarkxpress 7 windows & macintosh ),quark,899.0,264
adobe cs3 design premium macosx dvd,adobe,599.0,265
adobe creative suite cs3 production premium upsell,adobe,1199.0,266
family tree maker version 16 deluxe,encore,69.95,267
panda software antivirus & firewall 2008 windows,panda software,,268
lego star wars ( dvd ) ( mac ),aspyr media,29.99,269
adobe photoshop cs3 upgrade [ mac ],adobe,199.0,270
jumpstart world 2nd grade,knowledge adventure,19.99,271
quicken 2007 for mac,intuit,69.95,272
sims 2 nightlife expansion pack,aspyr media,34.99,273
microsoft virtual pc for mac 7.0 with windows xp home,microsoft,219.99,274
quickbooks pro 2007 small business financial software,intuit,199.95,275
microsoft office excel 2007,microsoft,229.95,276
sat act and psat 2007 platinum,topics entertainment,58.5,277
adventure workshop 4th-6th grade 7th ed sb cs by riverdeep,encore software,19.99,278
entertainment partners budgeting ( mac ),entertainment partners,699.0,279
snap ! 10 000 drink recipies ( jewel case ),topics entertainment,4.99,280
f-secure internet security 2007 3 pcs,global-marketing-partners,79.99,281
world of warcraft pc,vivendi,35.7,282
academy award winners,yamaha,31.95,283
adventure workshop preschool ( jewel case ),encore software,29.99,284
adobe photoshop elements 5.0 premiere elements 3.0 bundle,adobe,149.99,285
sims 2 seasons expansion pack,aspyr media,34.99,286
apple logic pro 7.2 retail,apple,999.0,287
quickbooks simple start 2007,intuit,99.95,288
instant immersion hawaiian audio,topics entertainment,,289
microsoft visual studio team edition for software testers 2005 w/msdn premium renewal,microsoft software,2309.0,290
high school advantage 2008,encore,39.99,291
quicken 2007 home & business,intuit,89.95,292
filemaker mobile 8 for palm os and pocket pc,filemaker,69.0,293
rollercoaster tycoon 3 : soaked,aspyr media,19.99,294
call of duty 2 dvd-rom ( mac ),aspyr media,49.99,295
microsoft word 2004 ( mac ),microsoft,229.99,296
diskeeper 2007 pro premier 5-lic pack,diskeeper corporation,736.66,297
the print shop 21 deluxe by broderbund,encore software,,298
adobe indesign cs3 [ mac ],adobe,699.0,299
ca brightstor arcserve backup r11 .1 for netware upgrade from arcserve 7 for netware,computer associates,,300
swift publisher for mac,global-marketing-partners,39.99,301
mavis beacon teaches typing 17 standard,encore software,19.99,302
computrace lojack for laptops : 1 year subscription,absolute software,49.99,303
monopoly here & now,encore,19.95,304
sony vegas 6 + dvd [ old version ],sony-pictures-digital-entertainment,899.95,305
bodyworks 6.0 25-user building site license,learning company,399.95,306
adobe creative suite cs3 web standard upgrade [ mac ],adobe,399.0,307
business plan writer deluxe 8.0 2005,nova development,99.99,308
instant immersion german v2 .0 ( pc & mac ),topics entertainment,29.99,309
peachtree by sage premium accounting 2007 accountants  edition,sage software,499.99,310
quicken 2007 basic,intuit,29.95,311
wingnuts 2 ( mac ),freeverse software,29.99,312
print shop 22 deluxe,encore,49.99,313
wasp bar code wasp bar code labeler complete package 3 users std cd -,wasp technologies,,314
microsoft windows small business server premium 2003 r2 upgrade cd/dvd 5 client,microsoft,709.0,315
sony sound effects series vol 1 through 10,sony-pictures-digital-entertainment,,316
3d home architect home v. 8 by encore software,encore software,39.99,317
hallmark card studio 2006,sierra home,29.99,318
cakewalk sonar 6 producer ed,cakewalk,799.0,319
quickbooks premier edition 2007 5 user multi-pack,intuit,1499.95,320
intuit quicken home inventory manager windows,intuit,34.95,321
listen for ipod magnetic time,sos-aggregation-company,39.99,322
microsoft licenses word olp c ( 05903871 ),microsoft licenses,205.73,323
instant immersion japanese deluxe 2.0,topics entertainment,39.99,324
refviz v2 mac single user,isi researchsoft,299.95,325
kaspersky anti-virus 6.0,kaspersky lab,59.95,326
instant immersion 33 languages,topics entertainment,49.99,327
adobe creative suite cs3 web premium upgrade [ mac ],adobe,499.0,328
resumemaker professional 12.0,individual software,29.99,329
adobe creative suite cs3 master collection upgrade [ mac ],adobe,1399.0,330
everquest : titanium,sony-creative-software,19.95,331
riverdeep adventure workshop 4th-6th grade 8th edition,riverdeep,,332
land before time : preschool,brighter-minds-media-inc .,9.99,333
adobe after effects professional 6.5 upgrade from standard to professional,adobe,499.99,334
transfer my dvd,avanquest,29.95,335
sportsman s double play,masque publishing,19.95,336
3d bridge deluxe ( mac ),freeverse software,24.99,337
internet cleanup 3.0,aladdin systems,29.99,338
adobe flash pro cs3 [ mac ],adobe,699.0,339
micromat techtool protege with firewire device,micromat,,340
the print shop 22 pro publisher deluxe sb cs by the print shop,encore software,99.95,341
3mds network operations manager diy annual subscptn 101 500u,3m,,342
punch ! professional home design,punch ! software,89.99,343
microsoft windows vista ultimate upgrade [ dvd ],microsoft,259.95,344
i copy dvds 2 professional edition,me-too-software,69.99,345
chicken hunter wanted jc,encore,9.99,346
treasure mountain ! ( jewel case ) ages 5-9 for win/mac,riverdeep,9.99,347
sonicwall global vpn client license 01-ssc-5310 ),sonic systems inc. .,,348
hoyle card games 2007,encore software,19.99,349
adobe photoshop cs3 extended,adobe,999.0,350
scholastic brain play : pre-kindergarten 1st grade,topics entertainment,19.99,351
logic express 7,apple computer,299.0,352
student home learning system for pc/mac,fogware publishing,139.99,353
wild photo effects ( jewel case ),on-hand-software,9.99,354
corel dvd moviefactory 6.0 plus,corel,79.99,355
quicken 2007 deluxe,intuit,59.95,356
the guild 2 pirates of the seas,dreamcatcher interactive,29.99,357
drive genius by prosoft engineering inc,global-marketing-partners,129.0,358
total 3d home & landscape design suite version 9,individual software,39.99,359
apple . mac 4.0 online service,apple,99.95,360
adobe dreamweaver cs3 [ mac ],adobe,399.0,361
sony sound forge 9 boxed upgrade,sony media,232.05,362
cinescore professional soundtrack edition,sony-pictures-digital-entertainment,249.95,363
mighty math number heroes,edmark,29.95,364
spy sweeper w/antivirus family edition,webroot software,49.95,365
apple mac os x tiger 10.4.6 family pack ( mac ),apple computer,199.0,366
ae mappoint 2006 cd,microsoft corp,49.95,367
adobe creative suite cs3 design standard upgrade [ mac ],adobe,399.0,368
microsoft windows server 2003 client additional license for devices 5 pack,microsoft,209.0,369
system care professional,avanquest,49.95,370
piano wizard premier software & stickers & midi cable,re : launch,149.95,371
diskeeper 2007 pro premier 10-lic pack,diskeeper corporation,1372.21,372
quickbooks point-of-sale basic 6.0,intuit,799.95,373
adobe contribute cs3 [ mac ],adobe,149.0,374
spy sweeper spanish,webroot software,29.95,375
microsoft windows xp home edition full version with sp2,microsoft,199.0,376
photo explosion deluxe 3.0,nova development,49.99,377
symc backup exec sbs prm 11d win small business server,symantec,885.83,378
3d home architect home design deluxe version 9,encore,29.99,379
marketcircle daylite v3 .0 ( mac ),csdc,149.0,380
3d home architect landscape v. 8 by encore software,encore software,39.99,381
spy sweeper [ lb ],webroot software,29.99,382
the print shop 22 sb cs by the print shop,encore software,,383
cisco ios enterprise services complete package cd28-esk9 = ),cisco systems enterprise,,384
jumpstart 4th-6th grade v 2.0 b43,knowledge adventure,19.99,385
let s make stickers,global software publishing,19.95,386
microsoft upg win small business svr cal t74-01215 ),microsoft corporation,330.14,387
adobe photoshop elements 5.0 / premier elements 3.0 [ lb ],adobe,149.99,388
custom landdesigner 3d design 7.0,sierra on-line,,389
instant immersion ingles audio deluxe,topics entertainment,,390
family tree maker 2008 platinum,encore,99.95,391
logic express 7.2 upgrade from logic express 6,apple-computer - ( direct ),99.0,392
neuratron photoscore professional 4,sibelius-software-ltd .,199.99,393
photoshop elements 4 mac retail eng 1u ( 19230169 ),adobe,145.39,394
jumpstart advanced 2nd grade v2 .0,knowledge adventure,19.99,395
roxio easy media creator 9,roxio,99.95,396
onone essentials for adobe photoshop elements version 2 full,onone software,59.95,397
h & r block taxcut 2006 premium federal + state + efile,h & r block,59.99,398
apple final cut studio 2 upgrade from final cut studio ( mac ),apple,499.0,399
sims 2 university expansion pack,aspyr media,34.99,400
varmint hunter ( jewel case ),encore,9.99,401
iris readiris pro 11.0 ( mac ),i.r.i.s.,129.95,402
ringtone media studio 2,laplink,19.95,403
civilization iv warlords ( mac ),aspyr media,29.99,404
tournament poker 2005,eagle games,20.99,405
anime studio 5 win 98/me 2000/xp mac os 10.4 & up,aladdin systems,49.99,406
cakewalk sonar home studio 6,cakewalk,139.0,407
tlc dr. seuss reading learning system 2008,encore,19.99,408
professor teaches windows xp,individual software,19.99,409
steinberg nuendo 3 digital audio software,steinberg,2499.0,410
elementary school advantage 2007,encore software,29.99,411
nortel contivity stateful firewall license standard 1 switch,nortel,,412
adobe photoshop cs3 extended [ mac ],adobe,999.0,413
sony acid pro 6 professional music workstation,sony-pictures-digital-entertainment,499.95,414
diner dash ( pc & mac ),brighter minds,14.99,415
punch ! master landscape professional & home design v 10.0,punch ! software,69.95,416
tlc clue finders math learning system sb by riverdeep,encore software,19.99,417
apple garageband jam pack : symphony orchestra,apple,99.0,418
readiris pro 11 corporate edition ( mac ),iris,499.95,419
microsoft licenses word mac 10.0 eng govt ( d4800369 ),microsoft licenses,349.83,420
apple remote desktop 3 10 managed systems,apple,299.0,421
aircraft power pack for ms flight simulator,red mile,29.99,422
marine aquarium + sharks,encore software,9.95,423
burning monkey solitaire 4.0,freeverse software,24.95,424
adobe captivate 2.0,adobe,1083.95,425
phonics success essentials : grades 7-9,topics education,19.99,426
jumpstart advanced 3rd grade v2 .0,knowledge adventure,19.99,427
jumpstart world 1st grade,knowledge adventure,19.99,428
instant immersion italian deluxe 2.0,topics entertainment,49.99,429
easy drums ( jewel case ),arcmedia,9.99,430
cakewalk sonar home studio 6 xl,cakewalk,209.0,431
ulead videostudio 11,corel,89.99,432
the print shop elements : labels & logos sb cs by the print shop,encore software,,433
reader rabbit preschool,the-learning-company,29.99,434
more brain games,csdc,9.99,435
mavis beacon teaches typing 16,broderbund,19.99,436
imsi turbocad designer v. 11,imsi,39.99,437
cluefinders 3rd grade,the learning company,,438
sony acid pro 5,sony,399.95,439
pressure pop !,selectsoft publishing,19.95,440
44 years of the fantastic four,git corp,49.99,441
instant home design 3.0 [ lb ],topics entertainment,19.99,442
red hat entprse linux as 3 amd rhf0211us ),red hat software,,443
pitstop pro 7.0 upgr 6.x or higher,enfocus software,199.0,444
micromat protogo,micromat,,445
microsoft visual studio team suite 2005 with msdn premium ( cd & dvd ),microsoft,10949.0,446
ca brightstor arcserve backup r11 .1 for netware tape library option service pack,computer associates,,447
calculation skills v1 add & sub basic core learning,sos-aggregation-company,,448
photo objects 150 000 for macintosh,nova development,49.99,449
pc tools spyware doctor 2007 sb cs by pc tools,encore software,29.99,450
microsoft licenses win svr 2003 device cal l/sa ( r1800144 ),microsoft licenses,74.59,451
crystal 3d impact ! pro 1.25 ( jewel case ),crystalgraphics,79.0,452
family tree maker version 16 collectors edition sb cs,encore software,99.99,453
history ( dvd ) ( pc & mac ),fogware publishing,,454
age of empires iii : the warchiefs expansion pack ( mac ),destineer,34.95,455
math success deluxe 2007,topics entertainment,39.99,456
hallmark blank greeting cards half-fold matte premium 20 count,nova development,12.99,457
adobe photoshop cs2 fundamental techniques by julieanne kost,software cinema,,458
train sim modeler design studio,abacus,39.99,459
adobe audition 2.0 upgrade,adobe,129.0,460
mobi recam camera monitoring and notification software,mobi,119.99,461
sharks 2.0 ( pc & mac ),e-b-c-marketing,19.99,462
adobe acrobat capture 100 000 page pack,adobe,1514.99,463
window washer,webroot-software-inc,,464
watchguard serverlock manager ( 100 servers ),watchguard-technologies-inc,14995.0,465
stuffit deluxe 11,aladdin systems,79.99,466
findex quickverse bible study 2007 bible-suite,findex,,467
allume boost xp for windows,smith-micro-software,29.99,468
ilisten with headset microphone 1.7,csdc,,469
lotus dev . mqseries link for r/3-v 1.2 cd sol 04l1671 ),lotus development corp,,470
microsoft publisher with digital imaging 2003 [ old version ],microsoft,209.99,471
sony vegas movie studio + dvd 8 platinum edition,sony media,129.95,472
star wars empire at war ( intel only macs ),aspyr media,49.99,473
snap ! 1 001 letters ( jewel case ),topics entertainment,19.95,474
millionaire sports edition ( jewel case ),disney interactive,9.99,475
marine aquarium 2.0 ( mac ),encore,19.99,476
upgrade crystal reports 11 pro french,business objects,479.78,477
rainbow fish and the whale ( win/mac ),global-software-publishing,9.99,478
adobe acrobat 7.0 professional,adobe,449.99,479
upgrade pitstop server 3.5 1u win 2k/xp & mac os 10.2.8,enfocus software,499.0,480
global software smart steps 2nd grade windows macintosh ),global software,,481
now up-to-date & contact v5 .0 ( mac ),now software,,482
hasbro family game collection 2006,encore software,19.99,483
avid liquid vs 7 software,avid technology,888.75,484
learning quickbooks 2007,intuit,39.95,485
instant play electric guitar deluxe,topics entertainment,39.99,486
crystal reports xi developer,business objects,595.0,487
home design architect series 3000 v10 .0,punch ! software,149.95,488
the print shop 22 deluxe sb cs by the print shop,encore software,49.95,489
corel wordperfect office x3 professional edition,corel,399.99,490
clickart fonts ( 2006 ) by encore,encore software,19.99,491
mcafee virusscan plus 3 user,mcafee,59.99,492
onone essentials for adobe photoshop elements,onone software,59.95,493
instant immersion american sign language win/mac,topics entertainment,9.99,494
adventure workshop preschool-1st grade 8th edition,encore,19.99,495
quicken legal business pro 2007,nolo press,79.99,496
adobe creative suite cs3 web premium [ mac ],adobe,1599.0,497
middle school advantage 2008,encore,39.99,498
make music finale 2008 academic,emedia,350.0,499
computrace lojack for laptops : 3 year subscription,absolute software,99.99,500
total training for adobe creative suite 3 : design premium bundle,total training,299.99,501
microspot x-rip ( mac ),microspot ltd,349.99,502
art explosion 600 000 images,nova development,79.99,503
apple . mac 4.0 online service family pack,apple,179.95,504
cakewalk project5 version 2,cakewalk,259.0,505
efrontier anime studio pro ( win/mac ),efrontier,199.99,506
elementary school success deluxe 2006,topics entertainment,49.99,507
ca brightstor arcserve backup r11 .5 for enterprise option for advantage ingres for,computer associates,,508
palo alto business plan pro 2007,palo-alto-software,99.95,509
red hat enterprise linux ws v. 4 update 4 license 1 workstation rl296aa ),hewlett packard,,510
instant immersion french 2.0,topics entertainment,29.99,511
adobe creative suite cs3 master collection [ mac ],adobe,2499.0,512
apple iwork 06 ( mac dvd ),apple,79.0,513
hoyle puzzle & board games,encore software,19.95,514
spongebob squarepants typing 2008 win/mac,encore software,19.95,515
printmaster 17 platinum by encore software,encore software,39.99,516
nero 7 ultra edition enhanced,nero inc.,99.99,517
apple ilife 06 ( mac dvd ) [ older version ],apple computer,79.0,518
hoyle puzzle & board games 2007,encore software,19.99,519
netgear vpn01l vpn client software,netgear,89.99,520
softgrid cal for ts 4.1 english mlp 20 user cal,microsoft,,521
mozy 3.0,simply-put-software-llc,,522
microsoft digital image suite plus [ lb ],microsoft software,129.95,523
hoyle south beach solitaire,encore,9.99,524
encyclopedia britannica deluxe 2008 win/mac,avanquest,29.95,525
sunset boulevard,yamaha,31.95,526
instant immersion italian v2 .0 ( large box ),topics entertainment,29.99,527
fun for kids : preschool kindergarten featuring disney,topics entertainment,29.99,528
pitstop pro 7.0 upgr 5.x or below,enfocus software,299.0,529
photoedit 2 ( mac ),macware,29.99,530
morpheus photo animation suite,smith-micro-software-inc .,49.99,531
upgrade robohelp server 6 win ue 1u,adobe,3609.98,532
zonealarm pro firewall,zone labs,39.99,533
tonka raceway xp compatible ( jewel case ),hasbro interactive,29.95,534
microsoft virtual pc for mac 7.0 with windows 2000,microsoft,249.99,535
podmaxx 07,bling,29.99,536
evergirl,thq,14.99,537
microsoft windows live onecare 1.5 online pc care subscription [ 12 months ],microsoft,49.95,538
zoo tycoon 2 : marine mania expansion,microsoft,19.99,539
webroot spy sweeper antispyware 5.x,webroot software,29.95,540
makemusic finale 2007 win/mac,emedia,600.0,541
master server-upg,novastor corporation,,542
toysight gold for isight : includes 15 games ( mac ),freeverse software,29.99,543
e-mu em8685 beat garden x emulator x2/proteus x2 soundset,e-mu,129.99,544
power production storyboard quick,power production,,545
poetry fiction and drama ( win/mac ) ( jewel case ),fogware publishing,9.99,546
mavis beacon 17 standard,encore software,19.95,547
iriscard pro business card scanner,iris,199.99,548
american idol extreme music creator,sony media,49.95,549
the print shop pro publisher 22 deluxe [ dvd ],encore,99.99,550
world of wild cats,arc media inc.,19.95,551
data protection suite,stomp inc,69.99,552
money home & business 2007 win32 eng na mini box us only cd,microsoft,139.43,553
jewels of cleopatra,encore software,19.95,554
apple logic pro 7.2 upgrade,apple,299.0,555
english literature basics ( win/mac ) ( jewel case ),fogware publishing,9.99,556
sound forge 9.0,sony media,399.96,557
pc cillin internet sec 2007 lics large box 3u,trend micro,49.95,558
1pk internet sec ste 2007 oem,ca oem,,559
quake 4 ( mac ),aspyr media,39.99,560
web radio recorder,magix entertainment,,561
quickbooks premier nonprofit edition 2007,intuit,399.95,562
microspot interiors ( mac ),microspot ltd.,99.95,563
broderbund print shop 21 deluxe,encore software,49.99,564
crystal reports xi professional edition,business objects,495.0,565
watchguard 1yr subs firebox x5 webblocker wg017196 ),watchguard technologies inc,159.9,566
disney 2nd grade active leveling advantage w buzz ( jewel case ) ages 6-8,disney interactive,9.99,567
math success deluxe 2006,topics entertainment,49.99,568
brain food games : cranium collection 2006,encore,19.95,569
netmanage rumba web as/400 edition 910584-001 ),netmanage,,570
norton antivirus 2007,symantec,39.99,571
corel dvd moviefactory 6.0,corel,49.99,572
tropico 2 : pirate cove ( mac ),destineer inc,29.99,573
ulead systems dvd workshop 2,ulead systems,494.99,574
macromedia director 10 mx 2004,adobe,2171.7,575
apple iwork 06 family pack ( mac dvd ) [ older version ],apple,99.0,576
adobe illustrator cs3 upgrade from freehand [ mac ],adobe,199.0,577
palo alto marketing plan pro 9.0,palo-alto-software,179.0,578
web graphics creator,sos-aggregation-company,39.95,579
microsoft sql server standard edition 2005 64 bit cd/dvd 5 client,microsoft,1849.0,580
boomerang webshop platinum,boomerang,,581
i transfer dvds 2 ipod edition ( win/mac ),me-too-software,29.99,582
close quarters conflict,groove media,19.99,583
steinberg sequel ( pc or mac ) music creation & performance software,steinberg,129.0,584
symantec gateway security 300 series 10Â 10224341 ),symantec,349.0,585
dvo cook n deluxe 6.0 ultimate recipe organizer,dvo enterprises,39.99,586
sibelius 4 educational edition,sibelius-software-ltd .,329.0,587
warlords 3 ( jewel case ),red-orb-entertainment,,588
hospital tycoon for pc,warner-new-media,29.99,589
quickbooks customer manager 2.5,intuit,79.95,590
gmp data rescue license 24300 ),global-marketing-partners,349.0,591
steinberg halion symphonic orchestra virtual instrument ( academic version ),steinberg,374.99,592
cubase se3 educational edition,steinberg,,593
kids power fun for little ones,topics entertainment,19.99,594
quickbooks premier and wholesale edition 2007,intuit,399.95,595
mavis beacon typing 17 deluxe by broderbund,encore software,39.99,596
world of warcraft 60 day pre-paid time card,blizzard entertainment,29.99,597
norton antivirus mac 10.0 ( mac ),symantec,69.95,598
backyard soccer ( mls edition ),humongous sports,,599
adobe acrobat capture 3.0 22101258 ),adobe,299.99,600
rayman 10th anniversary collection,ubi soft,19.99,601
bias deck le 3.5 macintosh cd,bias,99.0,602
ultimate puzzle games,valusoft,19.99,603
microsoft oem 3pk xp home edition sp2 n09-01624 ),microsoft corporation,,604
emedia piano and keyboard method volume 1,emedia,59.99,605
the printshop 20,broderbund,29.99,606
the sims 2 : open for business expansion pack,aspyr media,34.99,607
omnioutliner professional 3.0,csdc,69.95,608
marine aquarium 2.5 virtual undersea paradise win/mac,encore software,19.99,609
the computrace lojack for laptops computer tracking and loss control solution by,lenovo,,610
the printshop 20 professional publisher,broderbund,69.99,611
cisco security server agent for windows and solaris license 100 agents win solaris csa-b100-srvr-k9 ),cisco-systems-enterprise,,612
professor fuji s sudoku ( jewel case ),encore software,9.99,613
webroot spysweeper antispyware 3 user,webroot software,39.99,614
money premium 2007 win32 eng na mini box us only cd,microsoft,118.46,615
sibelius 5 educational edition,sibelius-software-ltd .,329.0,616
civilization iv dvd-rom ( mac ),aspyr media,49.99,617
x-oom movie clone 3 gold,x-oom,,618
print explosion deluxe 3.0 ( mac ),nova development,49.99,619
bryce 6,re : launch,109.95,620
adventure workshop 1st-3rd grade 8th edition,encore,19.99,621
cadopia 6 standard edition by cadopia,global marketing partners,295.0,622
punch ! home design architectura series 18,punch ! software,129.99,623
winway resume deluxe 11.0 network 10,nova development,,624
geometry ( win/mac ) ( jewel case ),fogware publishing,9.99,625
airline tycoon deluxe,topware interactive,19.99,626
blues clues preschool,humongous entertainment,,627
studyworks ! teaching pro : middle school math & science ( win/mac ),global-software-publishing,29.99,628
mavis beacon teaches typing deluxe 16,broderbund,39.99,629
caillou magical adventures,brighter-minds-media-inc .,19.99,630
webroot spy sweeper with antivirus family edition 3 pcs,webroot software,49.95,631
apple remote desktop 2.2 10 client ( old version ),apple,299.0,632
sony acid music studio,sony-pictures-digital-entertainment,69.99,633
singleclick network now ! pro,encore software,39.99,634
true crime streets of la ( mac ),aspyr media,19.99,635
intervideo windvd 8 gold,intervideo,49.99,636
intervideo dvd copy 5 platinum,corel,49.99,637
mobileinventory additional mobile license,wasp technologies,,638
norton internet security mac 3.0 [ antivirus firewall privacy controls iclean ],symantec,99.95,639
ares rising,interplay,69.95,640
clip art and more 250 000 ( jewel case ),imsi design,,641
perfect attorney premium,cosmi corporation,39.99,642
global software smart steps 1st grade windows macintosh ),global software,,643
printmaster platinum v 17.0,encore software,39.99,644
suitcase fusion 1u box,extensis,,645
grisoft avg anti-virus & anti-spyware 2 year subscription,grisoft,39.95,646
instant home cooking ( jewel case ),topics entertainment,9.99,647
microsoft productivity pack for windows mobile,microsoft,29.99,648
instant play electric guitar ( jewel box ),topics entertainment,6.99,649
snap ! 8 player poker 5 pack,topics entertainment,29.06,650
sym clt security 3.1 scs media cd en,symantec media,28.0,651
coreldraw graphics suite x3 upgrade,corel,179.0,652
apple mac os x tiger 10.4.6 ( mac dvd ),apple computer,129.0,653
audio success series : winning strategies,topics entertainment,,654
print shop 22 pro publisher deluxe,encore,99.99,655
museums of the world,topics entertainment,19.99,656
microsoft licenses biztalk hipaa std . sa only ( u0200024 ),microsoft licenses,4215.77,657
jumpstart kindergarten,knowledge adventure,19.99,658
quickverse bible premier suite,individual software,39.99,659
gods : lands of infinity special edition,strategy first,29.99,660
virusbarrier x4 10.4 for mac-10 users,intego,329.95,661
internet security barrier x4 antispam edition,intego inc,,662
wheel of fortune deluxe,encore,19.99,663
art explosion t-shirt factory deluxe 3.0,nova development,29.99,664
corel painter x win/mac,corel,429.0,665
school zone flash action addition/subtraction ( windows/macintosh ),school zone,12.99,666
paper art : gift wrapping,arc-media-inc .,,667
broderbund printmaster platinum 16.0,encore software,39.99,668
star wars battlefront ( mac ),aspyr media,39.99,669
motu digital performer 5 digital audio software ( mac only ),motu,795.0,670
aircraft collector s second edition,abacus,19.95,671
learn2 training for microsoft powerpoint,topics-entertainment-software - ( consignment ),9.99,672
registry mechanic 5.x pc system repair,pc tools,29.95,673
instant immersion translator deluxe 2.0,topics entertainment,49.99,674
onone plug-in suite 3 for adobe photoshop,onone software,399.95,675
clickart 1.2 million 2006 dvd,encore software,,676
sonicwall internet upgrade ( 50-node ),sonicwall,,677
kaplan sat/act/psat platinum 2007 win/mac,topics entertainment,49.99,678
handmark oxford american desk dictionary and thesaurus,handmark inc. .,,679
jumpstart reading with karaoke,knowledge adventure,29.99,680
punch ! ultimate deck and landscape,punch ! software,29.0,681
treasure mathstorm,the-learning-company,29.99,682
scansoft paperport professional 11 5 user license,nuance communications inc.,949.99,683
i love the usa,global-software-publishing,9.99,684
h & r block taxcut 2006 premium federal + state with usb 256m flashdrive,h & r block,39.99,685
jumpstart 1st grade,knowledge adventure,,686
panda internet security 2007 3-user,panda software,69.95,687
spy sweeper with antivirus/child safe,webroot software,39.95,688
hoyle card games ( jewel case ),encore software,9.99,689
lego star wars ii : the original trilogy for mac,feral interactive,39.99,690
backyard skateboarding,atari,,691
peachtree by sage premium accounting for manufacturing 2007 multi user ( up to 5 users ),sage software,1199.99,692
foreign policy & reform ( win/mac ) ( jewel case ),fogware publishing,9.99,693
kakuro puzzle addict unlimited edition,global-software-publishing,9.99,694
jackpot tycoon ( jewel case ),encore,9.99,695
adobe soundbooth cs3,adobe,199.0,696
apple remote desktop 3 unlim managed systems,apple,499.0,697
synet pc sharing kit ( w/17ft usb ext.cable ),synet-electronics-inc .,,698
hoyle backgammon jc,encore,7.99,699
webroot desktop firewall,webroot software,29.99,700
best of slots 2 ( jewel case ),masque publishing,9.99,701
atlantis quest,got game,19.99,702
datawatch monarch v7 ntwk-starter cd most 8u fpm32c070-a08n ),datawatch,,703
nero 8 ultra edition,nero inc.,99.95,704
e frontier poser 6 collector s edition with volume 1 figure pack ( mac ),curious-labs-inc .,279.99,705
emc retrospect 7.5 disk to disk windows,dantz,,706
elementary success deluxe 2006 ( dw dvd ),topics entertainment,49.99,707
symc backup exec aofo 11d win advanced open file option,symantec,769.49,708
reader rabbit playtime for baby and toddler,the learning company,19.99,709
i spy fantasy v. 2 with i spy book & mini cd,topics entertainment,29.99,710
captain america the complete comic collection win/mac,git corp,49.95,711
macjournal v4 ( mac ),csdc,39.95,712
netmanage upg rumba unix-hp edition level 902453-007-c ),netmanage,,713
x-oom mp3 radio recorder windows ),x-oom,,714
encyclopedia britannica profiles : dinosaurs ( jewel case ),atari,9.99,715
acrobat professional 8 mac upsell standard-professional,adobe,273.0,716
ca antivirus 2007,computer associates,39.95,717
mac os x server v10 .4.7 unlimited client,apple,999.0,718
ulead videostudio 10,corel,69.99,719
amazing spider-man complete comic book collection win/mac,git corp,49.99,720
finale allegro 2007,finale,199.95,721
netmanage rumba web as/400 edition 910523-002 ),netmanage,,722
who wants to be a millionaire ?,encore,9.95,723
sibelius compass,sibelius-software-ltd .,159.99,724
gen-x media made easy vol . 3,gen-x,49.95,725
apple garageband jam pack : world music,apple,99.0,726
video patrol 5.0 by honest technology,global-marketing-partners,50.86,727
vegas 6 for pc,sony-pictures-home-entertainment,599.99,728
reader rabbit learn to read phonics pre kindergarten,the learning company,9.99,729
alliance future combat,strategy first,19.99,730
soho labels & envelopes chronos l.c.,chronos,29.99,731
caillou ready for school ( pc & mac ),brighter-minds-media-inc .,19.99,732
ilisten ( mac ),macspeech inc.,99.99,733
professor teaches excel & word,individual software,19.99,734
emedia essential bass guitar,emedia,19.95,735
wacky bird hunter,selectsoft publishing,19.95,736
math advantage 2008,encore,39.99,737
emedia guitar basics,emedia music,,738
axis & allies ( jewel case ),encore,9.99,739
emedia guitarpro 5 win/mac,emedia,59.99,740
quickstudy u.s. government,selectsoft publishing,19.95,741
topics presents : ancient civilizations ( 4 cd set ),topics entertainment,29.99,742
compaq comp . secure path v3.0c-netware wrkgrp 50 lic 231327-b22 ),compaq computer,,743
logic express 6,apple,299.99,744
typing instructor deluxe ( jewel case ),individual software,9.99,745
my maillist & addressbook,mysoftware company,19.95,746
netmanage onweb web-to-host v. 5.1 upgrade license 910443-004 ),netmanage,,747
boomerang webpage designer gold,boomerang,,748
instant landscaping 3.0 [ lb ],topics entertainment,19.99,749
battlefield 1942 : deluxe edition,electronic arts,29.99,750
hoyle bridge club,encore,29.95,751
street atlas usa 2007 plus dvd,delorme,59.95,752
ca arcserve bkup r11 .5 win client vss software snap-shot - prod only,computer associates,,753
leave the lights on ( mac ),aspyr media,9.99,754
language lab german,topics entertainment,39.99,755
spring cleaning 9.0 for mac os 10.4 & above,aladdin systems,49.99,756
printshop home & office labels,broderbund,19.95,757
oxford spanish dictionary,tri synergy,19.99,758
upg serverlock for solaris gold,watchguard technologies inc,,759
hoyle solitaire ( jewel case ),encore,9.99,760
weekly reader mastering high school 2008,fogware publishing,29.99,761
phase one capture one pro win/mac,phase one,499.0,762
hoyle casino 2007,encore,19.95,763
omniweb 5.0,omni group,29.99,764
apple final cut studio 2 upgrade from final cut pro ( mac ),apple,699.0,765
axis network camera 213 ptz digital video camera 0220-004 ),axis-communication-inc .,,766
microsoft licenses project svr sa govt ( h2200301 ),microsoft licenses,3601.4,767
pinnacle studio plus titanium edition v10 .5,pinnacle,69.99,768
flyboys squadron mac,ientertainment,29.99,769
cook n low fat,dvo enterprises,19.99,770
genuine fractals print pro 5 1u,onone software,299.95,771
axis & allies collector s edition,encore,19.99,772
cell phone software solution,susteen,113.1,773
creating keepsakes scrapbook platinum v. 3 sb cs by riverdeep,encore software,39.99,774
webobjects 5.2,apple,699.95,775
adobe audition 2.0,adobe,349.0,776
intervideo windvd 8 platinum,corel,69.99,777
micromat techtool pro 4 ( mac ),micromat,99.99,778
symantec pcanywhere 12.0 host only,symantec,169.65,779
reel deal casino shuffle master edition,phantom efx,19.99,780
return to castle wolfenstein ( mac ),aspyr media,29.99,781
kids power fun for kids,topics entertainment,19.99,782
pcanywhere 11.0 host only cd-rom xp 98 nt w2k me,symantec,,783
kaplan sat/act/psat express,topics entertainment,9.99,784
stompsoft digital file shredder pro,stompsoft inc.,24.99,785
punch super home suite 3.0,punch ! software,49.99,786
world of warcraft,blizzard entertainment,19.99,787
3 great games for guys,dreamcatcher interactive,29.99,788
contentbarrier x4 10.4 single user ( mac ),intego,49.99,789
cosmi rom07524 print perfect business cards dvd,cosmi,,790
learn2 training for microsoft excel,topics-entertainment-software - ( consignment ),9.99,791
route 66 route canada ( french ),csdc,,792
symantec mail security for smtp 5.0 smb av cd 5u gov,symantec,,793
merriam-webster s dictionary ( win/mac ) ( jewel case ),fogware publishing,9.99,794
backyard sports backyard basketball and backyard football,humongous entertainment,19.99,795
hoyle 4-pack 2006,encore software,19.95,796
learn to play chess with fritz and chesster ( mac ),viva media,29.99,797
great invasions,strategy first,39.99,798
serious magic ultra2 master sets library 2 windows ),serious magic,276.5,799
pokemon team turbo ( jewel case ),valusoft,9.99,800
halo ( mac ),macsoft,29.99,801
microsoft licenses isa server lic/sa olp c ( e8400294 ),microsoft licenses,3210.4,802
modeless liquid ledger personal finance software ( mac ),csdc,79.99,803
world book encyclopedia 2006,topics entertainment,19.99,804
microsoft digital image suite 2006 plus pinnacle studio 10.0,microsoft,99.95,805
ultimate pinball ( jewel case ),valusoft,9.99,806
windows xp pro nx7400 o/s,hewlett packard,,807
hoyle texas hold em poker ( jewel case ),encore,9.99,808
acad vegas movie studio + dvd 8 platinum,sony-pictures-digital-entertainment,,809
finale 2007 academic ( win/mac ),emedia,350.0,810
super granny 3,encore software,19.99,811
liquid ledger personal finance,csdc,79.99,812
ae painter v9 win/mac box,corel corp,166.19,813
business card composer ( mac ),belight software,39.99,814
acad upgrade dragon naturallyspeaking pro solution 9.0 ( a289a-fd7-9 .0 ),nuance academic,399.54,815
emc retrospect 7.5 svr 1-client windows,dantz,249.0,816
photo go,sony-media-software,24.95,817
emedia intermediate guitar method win/mac,emedia,59.99,818
intervideo dvd copy 5 express,corel,29.99,819
world history ( win/mac ) ( jewel case ),fogware publishing,9.99,820
middle school success deluxe 2008,topics entertainment,49.99,821
sony psp media manager,sony-computer-entertainment,24.99,822
national geographic presents : forces of nature,topics entertainment,29.99,823
raster design 2006 essentials,autodesk psg,59.95,824
adobe solution expert support,adobe,299.0,825
didi & ditto : kindergarten win/mac,kutoka,19.99,826
reel deal casino championship edition,phantom efx,19.99,827
delorme topo usa mapping software 6.0 west region,delorme,49.95,828
clifford reading pack ( dvd box ),scholastic,19.99,829
super solvers spellbound ! ! school edition for mac,learning company,49.95,830
final cut express 2.0 upgrade,apple computer,99.99,831
cisco 2600xm ser ios ip/fw/ids cd26xm-ch = ),cisco systems enterprise,,832
creating keepsakes scrapbook designer version 2 platinum,riverdeep-learning-company,39.99,833
write brothers dramatica pro win/mac,write brothers,269.99,834
easy video editor 2.0 by honest technology,global-marketing-partners,50.88,835
services for netware 5.0,microsoft,149.0,836
play music together mac,iplaymusic,39.99,837
microsoft flight simulator x deluxe dvd,microsoft,49.95,838
home budget for dummies,atari,,839
roxio popcorn 2 ( mac ),roxio,49.95,840
dora the explorer : dora s world adventures,activision,19.99,841
upgrade 3d for exceed 2007 1u,hummingbird communications,,842
eovia carrara 5 pro,eovia,,843
rise of nations : gold ( mac ),macsoft,49.99,844
microspot interiors,microspot ltd.,99.95,845
final draft 7/syd field s screenwriting workshop dvd bundle,final draft,249.99,846
quarkxpress 7 for mac/win .,quark,1289.42,847
mia s math adventure : just in time,kutoka,19.99,848
home & business lawyer dlx 2006 by broderbund,encore software,,849
unreal tournament 2004 dvd-rom ),atari,29.99,850
vuvideo anywhere for your ipod,abacus software,29.95,851
funny faces deluxe,fogware publishing,19.99,852
mother goose interactive storybook,encore software,19.95,853
pinnacle mobile media converter,pinnacle,29.99,854
hp data protector exp bu svr cmp upgrade ltu,hewlett packard,,855
kaplan sat/act/psat gold 2007 win/mac,topics entertainment,29.99,856
tlc zoombinis 3rd grade lrng sys 2007 sb cs by riverdeep 10548 ),encore-software-inc,,857
dk rainbow fish most beautiful fish in the ocean,encore,9.99,858
hp storageworks secure path for windows workgroup edition v. 4.0 c license 213076-b26 ),hewlett packard,,859
hoyle board games,encore,9.99,860
pc cakewalk guitar tracks pro 3,cakewalk,149.99,861
bookkeeper 2008,individual software,39.99,862
photoshop elements 4 edu mac 1u,adobe-education-box,69.0,863
pdf converter professional v4 english,nuance communications inc.,99.99,864
stopzilla 4.0,roxio,47.33,865
magellan mapsend lakes ( usa south ),magellan,114.66,866
print workshop 2007,valusoft,19.99,867
apple shake 4.1 visual effects ( mac ),apple computer,499.0,868
state standards grade 8,topics entertainment,29.95,869
starship troopers/first to fight bundle,destineer,19.95,870
learn english ( win/mac ) ( jewel case ),fogware publishing,9.99,871
sony vegas 6,sony-pictures-digital-entertainment,599.95,872
cluefinders 3rd grade adventures : mystery of mathra,the learning company,24.99,873
chronos stickybrain 3.0 ( mac ),chronos l.c.,34.99,874
jeopardy! deluxe,encore,19.99,875
quickstart pc cleaner xp,selectsoft publishing,19.95,876
instant architect design suite,imsi design,29.99,877
season ticket football 2003,atari,19.99,878
sonicwall comprehensive gateway security suite 1 year upgrade plan 01-ssc-5845 ),sonic systems inc. .,,879
mah jong quest,united developers,,880
audio success suite edition : sales success,topics entertainment,19.95,881
zonealarm wireless security,encore software,29.99,882
hidden expedition : titanic,activision,19.99,883
the printshop business card maker ( jewel case ),riverdeep-learning-company,9.99,884
final draft 7 professional scriptwriting win/mac,final draft,289.99,885
stationery design studio,summit software,19.99,886
riverdeep arthur s kindergarten,riverdeep,,887
super solvers mission t.h.i.n.k 25 user site license,learning company,399.95,888
school zone pencil-pal software big phonics ( cd-rom & book ),school-zone-interactive,,889
alien disco safari,encore,19.99,890
ultra sudoku/ultra kakuro,abacus,29.95,891
home bartending 101 shooters,arc-media-inc .,19.95,892
h & r block taxcut 2006 home & business + state,h & r block,79.99,893
millie s math house ages 3-7 ( win/mac ),ibm - ( aap-misc-parts ),,894
nova greeting card factory ( mac ),nova development,49.99,895
internet cleanup 4.0 mac os 10.4 or higher,smith-micro-software,29.99,896
scrabble champion edition,encore,19.95,897
photo explosion 3.0,nova development,29.99,898
route 66 mobile 7 usa/cdn for windows mobile 5,csdc,149.0,899
adobe acrobat distiller svr v6-cd linux u/u 42050142 ),adobe systems,,900
mediarecover,aladdin systems,29.99,901
terror strike,encore,19.95,902
readiris pro 11,global marketing partners,129.99,903
sierra hallmark card studio special edition windows ),nova development,,904
before you know it deluxe spanish edition for pc/mac,encore software,29.99,905
timbuktu remote control softwre 2 licenses for windows & mac,netopia,199.99,906
brainfood games cranium collection 2006,encore software,19.99,907
scrabble with bonus clue,encore,19.99,908
totally spies : total swamp romp ( pc & mac ),brighter-minds-media-inc .,19.99,909
time money & fractions grades 1-2,school zone,9.99,910
canopus 77010158100 let s edit,canopus,99.0,911
bias peak le 5,bias,129.0,912
doom 3 ( dvd ) ( mac ),aspyr media,39.99,913
suretrak project manager 3.0,primavera systems,499.0,914
cisco syst . minor release : requires existing cww-6 .1 - win-mr ),cisco systems enterprise,,915
iaudioize magnetic time for pc and mac,sos aggregation,39.99,916
safekeeper plus,bling,39.99,917
photoshop elements 5 and premiere elements 3 bundle win minibox ( 29180248 ),adobe,242.62,918
timbuktu remote control softwre 10 licenses for windows,netopia,,919
math success deluxe 2008,topics entertainment,49.99,920
sound forge audio studio 9,sony media,69.59,921
prosoft tunetech for ipod ( mac ),prosoft engineering,74.99,922
datapilot cell phone data transfer suite universal,susteen,79.99,923
reel deal casino quest,phantom efx,19.99,924
calendar creator platinum sb cs by riverdeep,encore software,29.99,925
lotus dev . ibm informix online personal edition media bb0d4na ),lotus development corp,,926
gods & heroes : rome rising,sony-online-entertainment,49.99,927
national parks : enhanced scenery add-on for microsoft flight simulator 2002 & 2000,abacus,19.99,928
instant home design ( jewel case ),topics entertainment,9.99,929
zend studio 5.1 ( win/mac ),zend-technologies-inc .,299.0,930
starry night galaxy explorer ( pc & mac ),imaginova,9.99,931
studio movieboard plus pci hardware,pinnacle,251.55,932
galaxy of games 5000,2k games,19.99,933
pc professor fuji s kakuro,encore software,9.99,934
enterasys vpn & firewall code upgrade xsr-18xx-vpn-fw ),cabletron systems,1928.07,935
stuffit deluxe v 10.0 ( mac ),smith-micro-software,79.99,936
emedia print music 2006 win/mac,makemusic !,69.99,937
crystal reports 11 reporting essentials trng cbt,business objects,199.99,938
hasbro classic collection 2006 ),encore,19.99,939
vocabulary puzzles grade 1,school zone,14.95,940
procurve mobility manager 1.0 is a plug-in module for procurve manager plus 2.0,hewlett packard,,941
cisco 3745 ser ios ent cd374-esk9 = ),cisco systems enterprise,2814.33,942
the universe ( win/mac ) ( jewel case ),fogware publishing,9.99,943
emedia bass method win/mac,emedia,59.99,944
national geographic presents : redshift planetarium,topics entertainment,29.99,945
nero 7 ultra edition enhanced pc & home entrmnt soln,neso usa,99.99,946
mariner calc speadsheet ( mac ),mariner software,59.99,947
onone genuine fractals 5 full 1u,onone software,159.95,948
digital video and audio production book for vegas 7 + dvd,sony-pictures-digital-entertainment,49.35,949
zonealarm anti-spyware,zone labs,29.99,950
simply put software data eliminator,simply-put-software,,951
visual thesaurus the thinkmap inc.,csdc,39.95,952
clickart 1.2 million dvd 2006 by broderbund,encore software,49.99,953
apple garageband jam pack : rhythm section,apple,99.0,954
the print shop design suite pro ed sb cs by the print shop,encore software,199.99,955
musicalis guitar workshop,global-software-publishing,9.99,956
library expansion option-upg,novastor corporation,,957
command and conquer generals deluxe dvd-rom ( mac ),aspyr media,59.99,958
riverdeep the print shop zoom dvd,riverdeep,,959
upgrade acid pro 6 boxed,sony-pictures-digital-entertainment,305.18,960
railroad tycoon 3 ( mac ),macsoft,19.99,961
classification & ecology ( win/mac ) ( jewel case ),fogware publishing,9.99,962
dv rack 2 win retail ue1u,adobe,908.69,963
bitdefender antivirus 10.0 [ 2 year subscription for 2 pcs ],global-marketing-partners,39.95,964
power translator 11 premium,language-engineering-co-llc,79.99,965
brain builder,core learning,19.95,966
sony super duper music looper,sony-media-software,19.99,967
sound studio 3 : record edit add effects to audio ( mac ),freeverse software,79.99,968
tonka search & rescue 2,infogrames,,969
macbackup,macware,29.99,970
quickbooks point-of-sale pro with hardware bundle 6.0,intuit,1749.95,971
audition 2 win ed ue 1u,adobe-education-box,149.0,972
living trust builder,jian inc.,19.95,973
vpn client software 5 users,d-link systems inc. .,,974
equilibrium debabelizer pro 6.0 1 user,equilibrium,599.99,975
eastwest bsendorfer 290 grand piano virtual instrument,eastwest,199.95,976
let s learn about time & date,selectsoft publishing,19.95,977
wacky farm,casual arcade,19.95,978
sonic mega collection plus,sega-of-america-inc .,19.99,979
upgrade delphi 2006 pro named fr delphi v3-2005 pro cd,borland international,,980
ulead videostudio 11 plus,corel,129.99,981
vegas movie studiodvd +8 plat,sony media,129.95,982
adobe framemaker 7.2 ( windows ),adobe,1445.9,983
scratches : directors cut,got game,19.99,984
sentinel : descendants in time,dreamcatcher interactive,19.99,985
human body 360,megasystems,29.99,986
encyclopedia of our living oceans,dk multimedia,19.95,987
cisco security desktop agent csa-b250-dtop-k9 ),cisco systems ( ciscopro ),,988
power on now up to date & contact windows,power-on-software,129.99,989
matchbox cross-town heroes,thq,19.99,990
cakewalk sonar 6 studio,cakewalk,369.0,991
namco museum 50th anniversary collection,namco video games,19.99,992
simply put software got ta sing windows/macintosh ),simply-put-software,,993
microsoft licenses sps extrnlconnnonemplyenglands c ( h3200034 ),microsoft licenses,101515.55,994
ibm viavoice advanced v. 10,nuance-communications-inc .,,995
tune tools for ipod ( win/mac ),valusoft,19.99,996
lightroom 1 mlp retail ue 1u,adobe,299.0,997
hoyle mahjongg ( jewel case ),encore,9.99,998
ca arcserve bkup protection suite exch r11 .5 upgrade prod only,computer associates,,999
dk amazing animals 1.1,global-software-publishing,9.99,1000
scrapbook for windows,abacus,,1001
age of empires iii,destineer,49.99,1002
wisdom of the bible holy land edition,hip interactive,29.99,1003
punch ! viacad 2d/3d,punch ! software,99.0,1004
black & white platinum pack ( mac ),feral interactive,29.99,1005
retrospect 6.0 desktop mac,dantz,99.99,1006
talk now ! learn afrikaans beginning level,eurotalk,29.99,1007
cosmi talking math & more for kids ( windows ),cosmi,,1008
power director 3,avanquest-publishing-usa-inc .,79.95,1009
essential business tools 2.0,valusoft,19.99,1010
alsoft diskwarrior : mac univeral binary,alsoft,,1011
weekly reader preparing for kindergarten,fogware publishing,19.99,1012
gorilla 4 standard,jungle software,299.0,1013
the print shop 21 standard by broderbund,encore software,,1014
upg sgms 1000 incremental node,sonic-systems-inc .,,1015
acad corel painter x pc/mac,corel,155.22,1016
h & r block taxcut 2006 premium federal,h & r block,19.99,1017
mom standard ops mgmt lic 2005 english mlp 5 oml,microsoft,,1018
jumpstart learning games phonics ( pc & mac ),knowledge adventure,9.99,1019
isi researchsoft reference manager 11 single user,isi researchsoft,299.99,1020
scansoft paperport 11 5 user license,nuance communications inc.,474.99,1021
web.com site builder & hosting suite sb by web.com,encore software,49.99,1022
world of warcraft expansion : burning crusade,blizzard entertainment,39.99,1023
cosmi rom03558 print perfect clip art deluxe,cosmi,,1024
backpack journalist,honest technology,79.99,1025
webexpress,ingram micro,69.99,1026
notetaker 1.5,aquaminds,69.99,1027
soundtrack 1.2,apple,199.99,1028
icopydvds2 ultra by digital wunders,global-marketing-partners,89.99,1029
my first bible stories,dorling-kindersley-multimedia - ( dk ),29.95,1030
discrete drums : vol .1,sony-media-software,59.95,1031
monopoly 3,encore,9.99,1032
adobe pagemaker v7 .0.2 cd mac-upg 17530402 ),adobe,138.45,1033
enteractive fps creator windows ),enteractive inc. .,,1034
istopmotion,navarre,39.95,1035
persoft upg smarterm office v12 .1 73098 ),persoft,,1036
my sim aquarium,viva media,19.99,1037
civil air patrol : search & rescue,abacus,29.99,1038
sudoku puzzle addict : unlimited edition,global-software-publ-na,,1039
40 years of the avengers,git corp,49.99,1040
mike garson jazzical suite,yamaha,34.95,1041
x-plane v8 ( mac ),graphics-simulations-corporation,49.99,1042
weekly reader mastering elementary/middle school math learning,fogware publishing,19.99,1043
lavasoft ad-aware plus edition,tri synergy,29.99,1044
iview mediapro 2.5,global marketing,199.99,1045
aquazone bass edition,smith-micro-software,19.99,1046
dragon naturally speaking standard v9,nuance-communications-inc .,99.99,1047
quickverse sermon builder 4.0,findex.com inc,69.95,1048
sims 2 glamour life stuff pack,aspyr media,24.99,1049
art ( dvd ) ( pc & mac ),fogware publishing,29.99,1050
solitaire antics deluxe,masque publishing,,1051
burning monkey mahjongg ( mac ),freeverse software,24.99,1052
calendar creator 10,broderbund,29.99,1053
cross stitch design studio ( jewel case ),m-and-r-technologies,9.99,1054
startopia,eidos interactive,39.95,1055
backup exec netware open file v9 .2 e/g full package product,veritas,695.0,1056
photostory on cd & dvd 5,magix entertainment,19.99,1057
final draft scriptwriter s suite [ final draft 7 & final draft av2 ],final draft,349.99,1058
anti-spyware 3.0 win normal 1u new,trend micro,48.91,1059
crystal reports 11 professional full product french,business objects,909.66,1060
finale songwriter 2007,finale,49.95,1061
mastercook deluxe low carb,valusoft,14.99,1062
ibm rational clearcase lt v. 6.0.0 media vol passport passport adva,ibm,,1063
apple aperture 1.5,apple,299.0,1064
i copy dvd s 2,me-too-software,49.99,1065
corel snapfire plus [ ignite photo fun ],corel,39.99,1066
aquarium 3 in 1 collection limited edition for win/mac,encore software,19.99,1067
the little mermaid/beauty and the beast,yamaha,34.95,1068
scrabble complete ( jewel case ),encore,9.99,1069
sales skills 2.0 ages 10 +,victory multimedia,19.95,1070
the logo creator ( mac ),laughing bird,39.99,1071
city of heroes good vs. evil edition,nc soft,29.99,1072
poser 7 win 2000 xp mac os 10.4 & up,aladdin systems,199.99,1073
dance praise with dance pad ( win/mac ),digital praise,39.99,1074
myinvoices & estimates deluxe,avanquest software,39.95,1075
pitstop pro 7.0,enfocus software,699.0,1076
big oil : build an oil empire,tri synergy,19.99,1077
dinosaurs,topics entertainment,19.99,1078
xtreme photostory on cd and dvd 6,magix entertainment,29.99,1079
appleworks 6.2.9,apple,79.0,1080
mcafee virusscan plus 2007,mcafee,39.99,1081
sea scene : living underwater worlds ( jewel case ),valusoft,9.99,1082
guitar tool worship edition,midisoft corporation,,1083
iremember digital scrapbooking 2.0,intriguing development,39.95,1084
epson storyteller photo book creator 8 x 10 ( 20 pages ),epson,29.99,1085
snap enterprise data replicator advanced license for 10000 series,adaptec,,1086
simple movie maker,topics entertainment,19.99,1087
backup exec netware remote agt win/netware svr v9 .2 e/g,veritas,295.0,1088
final draft av 2.5 win/mac,final draft,199.99,1089
pro digital frame bundle 1u,onone software,99.95,1090
montage ( mac ),mariner software,149.95,1091
corel ventura 10 dvd,corel,699.0,1092
dk rainbow fish most beautiful fish,dk,9.99,1093
hollywood volume 1,yamaha,31.95,1094
scooby doo glowing bug man ( jewel case ),encore software,9.99,1095
game of life jc,encore,9.99,1096
checkmark multiledger,checkmark software,399.0,1097
roxio toast 8 titanium,roxio,99.95,1098
netmanage rumba web to host as400 ed v4 .2 910623-000 ),netmanage,,1099
big tiny little a tiny little christmas,yamaha,34.95,1100
quickstart photo montage studio,selectsoft publishing,19.95,1101
x-oom internet movies 2,x-oom,,1102
pc hoyle jewels : swap & drop it,encore software,9.99,1103
autodesk discreet combustion 4 windows ),autodesk,,1104
smart steps 4th grade,dorling-kindersley-multimedia - ( dk ),29.95,1105
virtual labs : light,edmark,19.95,1106
kids power fun for girls,topics entertainment,19.99,1107
bias peak pro 5 macintosh ),bias,599.0,1108
encore the big box of art 410Â 000Â 460001 ),encore software,19.99,1109
videostudio 11 plus,corel,,1110
victorymul submitwolf version 6.0 swolf6r ),victory multimedia,149.99,1111
westward,encore software,19.99,1112
iplaymusic beginner guitar lessons for the mac and ipod,iplaymusic,49.99,1113
mindjet mindmanager 7 mac single license,mindjet,129.0,1114
reel deal slots mystic forest,phantom efx,19.95,1115
the sims 2 ( mac ),aspyr media,49.99,1116
genuine fractals genuine fractals print pro 1u,onone software,299.95,1117
make music allegro 2007 labpack 5 user,makemusic !,375.0,1118
sega smash pack 2,activision,19.95,1119
passwords plus 1.0,dataviz,29.99,1120
snap ! hair styler studio,topics entertainment,4.99,1121
watchguard license wg vpn upgrade from 4 to 10 ( wg4110 ),watchguard license,2098.55,1122
stomp inc drive washer,stomp inc,,1123
acrobat pro 8 mac ed 1u cd,adobe-education-box,159.0,1124
the big mix ( mac ),aladdin,59.99,1125
learn to play chess with fritz & chesster 2 ( mac ),viva media,29.99,1126
vegas 7 + dvd/soundforge8bundl,sony media,722.0,1127
singing coach unlimited,carry-a-tune technologies,99.99,1128
ca arcserve bkup r11 .5 win dro sp1 prod only,computer associates,,1129
riverdeep kissing canines,riverdeep,,1130
micromat diskstudio mac ),micromat,99.0,1131
pcdefense,avanquest software,29.95,1132
procurve manager plus upgrade -,hewlett packard,,1133
amazing animals with zoofari games ( win/mac ),global software,,1134
partition commander 10,avanquest,49.95,1135
serious magic visual communicator 2.0 web,serious magic,199.99,1136
sims complete,aspyr media,49.99,1137
restricted area,whiptail,19.99,1138
watchguard mobile user vpn 5 user bundle wg3605 ),watchguard technologies inc,,1139
atari arcade classics ( mac ),macsoft,19.99,1140
brothers in arms : road to hill 30 ( dvd-rom ),ubi soft,19.99,1141
space ( dvd ) ( pc & mac ),fogware publishing,29.99,1142
cosmic blobs : lab rat edition ( win & mac ),solidworks corporation,39.99,1143
noah s ark activity center ( jewel case ages 3-8 ),victory multimedia,,1144
monopoly platinum edition,encore,19.99,1145
test and improve your memory ( dvd box ),tri synergy,29.99,1146
40 years of the x-men,git corp,49.99,1147
prey,aspyr media,39.99,1148
jaws,majesco entertainment,19.99,1149
cook n cd recipe cards,dvo enterprises,19.99,1150
ideasoft photo clip art 10 000,nova development,,1151
mediapilot kit,susteen,39.95,1152
ca arcserve bkup r11 .5 win svrless bkup opt sp1 - prod only,computer associates,,1153
small business server 2003 20u cal addpak user,microsoft,,1154
textbridge pro 11 5u license xp,nuance communications inc. .,,1155
real arcade : adventure inlay,activision,29.95,1156
south park chef s luv shack,acclaim,39.95,1157
wanted : a wild western adventure,dreamcatcher interactive,29.99,1158
easy home massage dvd,selectmedia entertainment,19.95,1159
monarch v9 .0 1u .,datawatch,699.0,1160
microsoft licenses exch . srvr extrn conn sa eng ( 39400416 ),microsoft licenses,42166.22,1161
tomb raider : legend,eidos interactive,19.99,1162
portfolio media kit be syst recovery 7.0 win small business ed,symantec,50.0,1163
apple garageband jam pack : remix tools,apple,99.0,1164
pdf converter 4,nuance,49.95,1165
employee appraiser 5.0 deluxe mailer,global marketing,394.6,1166
trudy s time and place house ages 3-6,ibm,,1167
clifford the big red dog thinking adventures,scholastic,9.99,1168
john deere : welcome to merriweather farm,global-software-publishing,19.99,1169
finale 2006 ( pc & mac ),emedia,600.0,1170
adobe encore dvd 2.0,adobe,349.0,1171
enemy territory : quake wars,aspyr media,49.99,1172
starry night astronomy screensaver win/mac,imaginova,19.99,1173
snap ! kakuro,topics entertainment,4.99,1174
agatha christie : and then there were none,dreamcatcher interactive,29.99,1175
on hand spanish 1-2-3 windows ),on-hand-software,9.99,1176
crusader kings,atari,19.99,1177
age of mythology ( mac ),macsoft,19.99,1178
movies on psp,x-oom,,1179
professor fujis sudoku deluxe by encore,encore software,19.99,1180
john deere : busy days in deerfield valley,destineer publishing,19.99,1181
ford racing 2 ( mac ),feral interactive,19.99,1182
post mortem,dreamcatcher interactive,29.99,1183
hp digital sending secure license 50 users std,hewlett packard,,1184
clickart 950 000 premier image pack ( dvd-rom ),broderbund,,1185
diskeepeer 2007 admin upgrade sngl lic pack,diskeeper corporation,200.0,1186
crayola first ladies costume maker,encore software,19.95,1187
timbuktu remote control softwre 1 license for mac os,netopia,,1188
stompsoft registry repair,stompsoft inc.,29.99,1189
network now ! pro by encore,encore software,39.99,1190
mac os x server v10 .4.7 10-client,apple,499.0,1191
extensis smartscale 1-user pxe-11433 ),extensis corporation,,1192
multiplication and division grades 3-4,school zone,9.99,1193
intellimover transfer your pc deluxe,nova development,69.99,1194
ca arcserve bkup r11 .1 / nw stor area netw ( san ) opt prod only,computer associates,,1195
madeline rainy day activities,encore software,19.95,1196
personal image manager,smith-micro-software,29.99,1197
spycatcher 2007for pc,avanquest,19.99,1198
backup exec 10d win adv disk v10 .1 lic only ( e180518 ),symantec corporation .,983.34,1199
call of duty deluxe ( mac ) ( dvd ),aspyr media,39.99,1200
123 movies 2 ipod w / av cables umd size,bling,29.99,1201
ghostsurf platinum 2006 [ lb ],avanquest publishing usa inc.,39.99,1202
the human body,topics entertainment,19.99,1203
csi : crime scene investigation,ubi soft,19.99,1204
zoo tycoon 2 ( mac ),destineer,39.99,1205
stubbs the zombie in rebel without a pulse ( dvd ) ( mac ),aspyr media,9.99,1206
wavelab studio 6,steinberg-media-technologies,399.99,1207
talk now ! learn dutch,eurotalk interactive,29.95,1208
riverdeep spongebob squarepants typing fun,riverdeep,,1209
e-mu em8669 modern symphonic orchestra,e-mu,499.99,1210
media studio for psp standard editon,encore software,29.99,1211
g7 kontakt edition,sibelius-software-ltd .,99.99,1212
comic book library,marvel,49.99,1213
sudoku puzzle addict,global-software-publishing-north-america-inc,6.99,1214
simple slide show,topics entertainment,19.99,1215
imsi resume writer deluxe [ lb ],imsi design,19.95,1216
form workshop 1200,valusoft,29.99,1217
giggles computer funtime for baby shapes ( win/mac ),navarre ( software ),24.95,1218
upgrade terminal emulation software 2006 with media 1u,esker,,1219
super collapse 3,mumbo jumbo,19.99,1220
pc vegas dvd,sony-pictures-home-entertainment,899.99,1221
left behind : ilumina edition,tyndale house,29.99,1222
eovia carrara 4 pro win/mac,eovia corporation,599.99,1223
logic pro 6,apple,999.99,1224
zoboomafoo animal logic cd/workbook combo,brighter minds media inc.,14.99,1225
your desktop post office for pc,stamps.com,14.99,1226
vivaldi s musical adventure pod,fogware publishing,9.95,1227
poser figure artist,efrontier,99.99,1228
lotus dev . ibm db2 net search extender v. 8.2 media bb0kyna ),lotus development corp,,1229
freddi fish 2 : the haunted schoolhouse,humongous entertainment,29.95,1230
monopoly tycoon,encore,9.99,1231
cyberchase adventures : carnival chaos and casablanca quest,brighter-minds-media-inc .,19.99,1232
police quest compilation,vivendi games,19.99,1233
model web publisher 3.5.2 .,computer-associates-international,,1234
oxford world encyclopedia,tri synergy,19.99,1235
ipswitch inc ws ftp pro 9 sdk w / ws ftp pro wd-1000-0900 ),ipswitch inc,395.0,1236
travelogue 360 : paris,aspyr media,29.99,1237
pro photo essentials plug in suite & iview mediapro 3,onone software,499.95,1238
guild wars nightfall,ncsoft,49.99,1239
chicken hunter : license to grill the great poultry race,encore,9.99,1240
lego island 2 : the brickster s revenge ( xp compatible version ),lego media,,1241
tank battle,casual arcade,19.95,1242
vault360 combo,navarre ( software ),29.95,1243
upgrade freehand 11 maceng cd 1u,adobe,274.95,1244
disney s 1st & 2nd grade bundle ( pixar 1st grade secret keys and aladdin reading quest ),disney,14.99,1245
gsp greatest moments of our time,global-software-publishing-north-america-inc,9.99,1246
mcsa/mcse self-paced training kit ( exams 70-292 & 70-296 ) upgrading your certi,microsoft,70.0,1247
riding academy : jump & ride,viva media,19.99,1248
firstedge v 2.0 ( mac ),myob us,99.95,1249
fisher-rescue heroes : lava landslide,knowledge adventure,,1250
netmanage rumba web to host as400 ed v4 .2 910620-000 ),netmanage,,1251
totally spies : zombie jamboree ( win/mac ),brighter-minds-media-inc .,9.95,1252
x3 : reunion virtual programming ltd.,csdc,39.95,1253
pc tutor learn windows vista & office 2007,nova development,29.99,1254
gsp crossword addict,global-software-publishing-north-america-inc,9.99,1255
high availability requires two livesecurity firesboxes,watchguard technologies inc,1995.0,1256
pantone reference library,pantone inc.,1623.06,1257
circus ponies-notebook 2.0 mac os,csdc,49.95,1258
treasure galaxy 5-user lab pack for mac,learning company,149.95,1259
miraizon cinematize 2 ( mac ),miraizon,69.99,1260
professional training for vegas 7 and dvd architect 4 sw,sony-pictures-digital-entertainment,249.95,1261
live bingo,imagination-international-corp,,1262
cute ftp,tri synergy,39.99,1263
buzby breakin  all the rules hermie and friends,digital praise,19.99,1264
cook n vegetarian,dvo enterprises,19.99,1265
e frontier manga studio debut 3.0 ( single user ),curious labs inc.,49.99,1266
symc ghost solution suite 2.0 media,symantec,35.57,1267
f/a -18 operation iraqi freedom,graphics-simulations-corporation,39.99,1268
dk exotic animals africa,global-software-publishing,9.99,1269
detto move2mac usb,detto-technologies-inc,71.31,1270
avid liquid pro,avid technology,1942.6,1271
gorilla 4 student,jungle software,199.0,1272
flash action phonics made easy,school zone,14.99,1273
stomp inc recover lost data 2005,stomp inc,39.95,1274
freestyle street basketball,sierra online,19.99,1275
extensis intellihance pro 4.x win/mac,extensis corporation,199.99,1276
