Song_Name,Artist_Name,Album_Name,Genre,Price,CopyRight,Time,Released,id
Illusion ( feat . Echosmith ),Zedd,True Colors,"Dance , Music , Electronic",$ 1.29,2015 Interscope Records,6:30,18-May-15,0
I m a Machine ( feat . Crystal Nicole and Tyrese Gibson ),David Guetta,Nothing But the Beat,"Dance , Music , Rock , House , Electronic",$ 1.29,"2011 What A Music Ltd , Licence exclusive Parlophone Music France",3:34,26-Aug-11,1
Silver and Gold,Little Big Town,Pain Killer,"Country , Music , Honky Tonk , Contemporary Country",$ 1.29,"2014 Little Big Town , LLC Under exclusive license to Capitol Records Nashville",3:33,21-Oct-14,2
Dangerous ( feat . Sam Martin ) [ Robin Schulz Remix ] [ Radio Edit ],David Guetta,Listen ( Deluxe Version ),"Dance , Music , Rock , House , Electronic , French Pop",$ 1.29,"2014 What A Music Ltd. under exclusive license to Parlophone/Warner Music France , under exclusive license to Atlantic Recording Corporation for the United States . All rights reserved .",3:20,24-Nov-14,3
True Colors ( feat . Nicki Minaj ),Wiz Khalifa,Blacc Hollywood,"Hip-Hop/Rap , Music , Rap , East Coast Rap , Hardcore Rap , Rock",$ 1.29,2014 Atlantic Recording Corporation for the United States and WEA International Inc. for the world outside of the United States . A Warner Music Group Company,4:15,19-Aug-14,4
Lick It ( Norman Doray Remix ),Kaskade & Skrillex,Lick It ( Remixes ) - EP,"Dance , Music , Electronic",$ 1.29,"2012 Ultra Records , Inc.",6:14,17-Apr-12,5
Whatcha Say ( Klubjumpers Remix Radio ),Jason Derulo,Reloaded,"Pop , Music , Rock , R&B / Soul , Contemporary R&B , Dance",$ 1.29,2011 This Compilation P2011 Warner Bros. . Records Inc.,4:02,16-Dec-11,6
Because of Your Love,Kenny Chesney,Greatest Hits,"Country , Music , Contemporary Country , Urban Cowboy",$ 0.99,2000 BMG Entertainment,4:16,26-Sep-00,7
Where Are  Now ( with Justin Bieber ) [ Ember Island Remix ],Skrillex & Diplo,Where Are  Now ( with Justin Bieber ) [ Remixes ] - EP,"Dance , Music",$ 1.29,2015 OWSLA / Mad Decent / Atlantic Recording Corporation for the United States and WEA International Inc. for the world outside of the United States . A Warner Music Group Company,2:31,16-Jun-15,8
Second Chance ( Live Acoustic from Kansas City ),Shinedown,Somewhere In the Stratosphere ( Live ),"Rock , Music , Metal , Alternative , Hard Rock",$ 1.29,2011 Atlantic Recording Corporation for the United States and WEA International Inc. for the world outside of the United States .,5:06,18-Apr-11,9
If I Am a Stranger ( Live In Amsterdam ),Ryan Adams,Live After Deaf ( Live ) [ Complete Collection ],"Singer/Songwriter , Music , Rock",$ 0.99,2012 PAXAM RECORDS,5:10,2-Jul-12,10
Autonomy ( Cold Blank Mix ),Zedd,Autonomy - EP,"Dance , Music",$ 0.99,2011 Bugeyed Records,4:59,28-Mar-11,11
Closer ( feat . Mike Posner ),Nick Jonas,Nick Jonas ( Deluxe Version ),"Pop , Music , Teen Pop , Pop/Rock , Rock",$ 1.29,"2014 Island Records , a division of UMG Recordings , Inc. / Safehouse Records , LLC",3:48,10-Nov-14,12
Starry Eyed ( AN21 and Max Vangeli Remix ),Ellie Goulding,Starry Eyed ( Remixes ) - EP,"Dance , Music , Pop , Rock",$ 1.29,2011 Polydor Ltd. ( UK ),8:14,15-Feb-11,13
Titanium ( Spanish Version ),David Guetta,Titanium ( Spanish Version ) - Single,"Dance , Music , Electronic",$ 1.29,"2012 What A Music Ltd , Licence exclusive Parlophone Music France",3:58,20-Aug-12,14
Halcyon,Ellie Goulding,Halcyon Days ( Deluxe Edition ),"Pop , Music , Dance , Rock",$ 1.29,‰ ãÑ 2013 Polydor Ltd. ( UK ),3:24,27-Aug-13,15
Toyfriend ( feat . Wynter Gordon ) [ Continuous Mix Version ],David Guetta,One Love ( Deluxe Version ),"Dance , Music",$ 1.29,2010 Gum Prod licence exclusive Parlophone Music France,2:51,21-Aug-09,16
The Whisperer ( feat . Sia ),David Guetta,Listen,"Dance , Music , Electronic , House , Rock , French Pop",$ 1.29,"2014 What A Music Ltd. under exclusive license to Parlophone/Warner Music France , under exclusive license to Atlantic Recording Corporation for the United States . All rights reserved",3:54,24-Nov-14,17
Slow Down ( Sure Shot Rockers Reggae Dub Remix ),Selena Gomez,Slow Down ( Reggae Remixes ) - Single,"Reggae , Music , Electronic , Dance , Rock",$ 1.29,"2013 Hollywood Records , Inc.",3:15,20-Aug-13,18
"Turn Around ( 5,4,3,2,1 ) [ DJ Bam Bam Radio Remix ]",Flo Rida,"Turn Around ( 5,4,3,2,1 ) - Deluxe Single","Hip-Hop/Rap , Music , Electronic , Rap , Dirty South , Dance",$ 1.29,‰ ãÑ 2010 Atlantic Recording Corporation for the United States and WEA International Inc. for the world outside of the United States .,3:35,16-Nov-10,19
Lifted ( feat . Emeli Sand  © & Professor Green ),Naughty Boy,Hotel Cabana ( Deluxe Version ),"Pop , Music , Rock , R&B / Soul , Contemporary R&B , Dance,Electronic,Hip-Hop / Rap , Pop/Rock",$ 1.29,2013 Naughty Boy Recordings Ltd under exclusive licence to Virgin Records Ltd,4:15,6-May-14,20
"Young , Wild & Free ( feat . Bruno Mars )",Snoop Dogg,Mac and Devin Go to High School ( Music from and Inspired By the Movie ) [ Deluxe Version ],"Soundtrack,Music,Hip-Hop / Rap , West Coast Rap , Gangsta Rap , Hardcore Rap , Rap , Soundtrack",$ 1.99,2011 Atlantic Recording Corporation for the United States and WEA International Inc. for the world outside of the United States,4:12,12-Dec-11,21
Gone,The Weeknd,Trilogy,"R&B / Soul , Music , Rock , Contemporary R&B",$ 1.29,"‰ ãÑ 2012 XO & co. , Inc.",8:07,13-Nov-12,22
Masterpiece ( feat . Jordan Rakei ),Disclosure,Caracal,"Electronic , Music , Dance , Garage , House , Rock",Album Only,"2015 Island Records , a division of Universal Music Operations Limited",4:01,,23
El Perd  _ n ( Forgiveness ),Nicky Jam & Enrique Iglesias,El Perd  _ n ( Forgiveness ) - Single,"Pop , Music",$ 1.29,2015 Sony Music Entertainment US Latin LLC,3:26,10-Jul-15,24
Take Care ( feat . Rihanna ),Drake,Take Care ( Deluxe Version ),"Hip-Hop/Rap , Music",$ 1.29,‰ ãÑ 2011 Cash Money Records Inc.,4:37,15-Nov-11,25
Whateva ( feat . Monty ),Fetty Wap,Fetty Wap ( Deluxe ),"Hip-Hop/Rap , Music , Rap",Album Only,2015 300 Entertainment/RGF Productions,5:11,,26
I Ai nt Livin  Long Like This,Chris Janson,Take It to the Bank - EP,"Country , Music",$ 1.29,2014 Sony Music Entertainment,4:13,24-Feb-14,27
I Ca nt Go There ( Acoustic Version ),Kenny Chesney,"No Shoes , No Shirt , No Problems","Country , Music , Contemporary Country , Urban Cowboy",$ 0.99,2002 BMG,3:45,2-Apr-02,28
Who I Am With You,Chris Young,A.M.,"Country , Music , Urban Cowboy , Contemporary Country",$ 1.29,‰ ãÑ 2013 Sony Music Entertainment,3:13,16-Sep-13,29
Gold ( feat . Eighty4 Fly ),Macklemore & Ryan Lewis,The Heist ( Deluxe Edition ),"Hip-Hop/Rap , Music , Rap , Alternative Rap , West Coast Rap",$ 1.29,"‰ ãÑ 2012 Macklemore , LLC .",4:11,1-Aug-12,30
As Long As You Love Me ( feat . Big Sean ) [ Audien Luvstep Mix ],Justin Bieber,As Long As You Love Me ( Remixes ) [ feat . Big Sean ],"Dance , Music , Rock",$ 1.29,2012 The Island Def Jam Music Group,4:40,11-Sep-12,31
Doin  My Thing,Luke Bryan,Doin  My Thing,"Country , Music , Contemporary Country",$ 1.29,"‰ ãÑ 2009 Capitol Records Nashville . All rights reserved . Unauthorized reproduction is a violation of applicable laws . Manufactured by Capitol Records Nashville , 3322 West End Avenue , 11th Floor , Nashville , TN 37203",3:09,2-Oct-09,32
Remember You ( feat . The Weeknd ),Wiz Khalifa,O.N.I.F.C. ( Deluxe Version ),"Hip-Hop/Rap , Music , Hardcore Rap , East Coast Rap , Rap",$ 1.99,2012 Atlantic Recording Corporation for the United States and WEA International Inc. for the world outside of the United States,5:20,4-Dec-12,33
"Turn Around ( 5,4,3,2,1 ) [ AK Remix ]",Flo Rida,"Turn Around ( 5,4,3,2,1 ) [ Remixes ]","Dance,Music,Hip-Hop / Rap , Dirty South , Rap , Electronic",$ 1.29,2011 Atlantic Recording Corporation for the United States and WEA International Inc. for the world outside of the United States .,5:09,19-Apr-11,34
Fake ( Demo ),Shinedown,Us and Them ( Deluxe Version ),"Rock , Music , Metal , Hard Rock , Alternative",$ 1.29,2009 Atlantic Recording Corporation for the United States and WEA International Inc. for the world outside of the United States .,5:05,4-Oct-05,35
Every You Go,Ellie Goulding,Bright Lights ( Deluxe Version ),"Pop , Music , Dance , Rock",$ 1.29,‰ ãÑ 2010 Polydor Ltd. ( UK ),3:25,29-Nov-10,36
Goner,twenty one pilots,Blurryface,"Alternative , Music , Rock , Adult Alternative , Indie Rock,Hip-Hop / Rap , Rap , Underground Rap",$ 1.29,2015 Fueled By Ramen LLC for the United States and WEA International Inc. for the world outside of the United States . A Warner Music Group Company,3:56,15-May-15,37
Obsession ( feat . JD Davis & Miss B ),David Guetta,Pop Life ( Extended Version ) [ Bonus Version ],"Dance , Music , Rock , Pop , House , Electronic , Electronica , Adult Alternative",Album Only,‰ ãÑ 2007 Gum Records,3:06,18-Sep-07,38
Epilogue ( feat . George the Poet ),Naughty Boy,Hotel Cabana,"Pop , Music , R&B / Soul , Contemporary R&B , Hip-Hop/Rap , Pop/Rock , Rock",$ 1.29,2014 Naughty Boy Recordings Ltd under exclusive licence to Virgin Records Ltd,1:28,6-May-14,39
Sunburn ( Bonus Track ),Ed Sheeran,#NAME ?,"Singer/Songwriter , Music",$ 1.29,2011 Warner Music UK Limited,4:35,9-Sep-11,40
I Do nt Believe You ( Main Version ),P!NK,Funhouse,"Pop , Music , R&B / Soul , Dance , Pop/Rock",$ 1.29,‰ ãÑ LaFace Recording LLC,4:36,28-Oct-08,41
"Crack In the Pearl , Pt . II ( feat . Stevie Wonder & Jeff Bhasker )",Mark Ronson,Uptown Special,"Pop , Music , R&B / Soul , Funk , Soul",$ 1.29,"Tracks 4 & 6 ( P ) 2014 , all other tracks ( P ) 2015 Mark Ronson under exclusive licence to Sony Music Entertainment UK Limited",2:16,13-Jan-15,42
You & Me ( feat . Eliza Doolittle ),Disclosure,Settle ( Deluxe Version ),"Electronic , Music",$ 1.29,"‰ ãÑ 2014 Universal Island Records , a division of Universal Music Operations Limited",4:26,15-Apr-14,43
O Little Town of Bethlehem,Kenny Chesney,All I Want for Christmas Is a Real Good Tan,"Holiday , Music , Country , Honky Tonk , Contemporary Country , Christmas",$ 0.99,2003 BMG Music,4:18,4-Oct-03,44
"Why You Up In Here ( feat . Ludacris , Git Fresh & Gucci Mane )",Flo Rida,"Only One Flo , Pt. 1","Hip-Hop/Rap , Music , Rap , Dirty South",$ 1.29,2010 Atlantic Recording Corporation for the United States and WEA International Inc. for the world outside of the United States,3:36,24-Nov-10,45
Beautiful Now ( feat . Jon Bellion ) [ Charlie Darker Remix ],Zedd,Beautiful Now ( feat . Jon Bellion ) [ Remixes ] - EP,"Dance , Music",$ 1.29,2015 Interscope Records,4:15,10-Jul-15,46
We Run,Sugarland,Love On the Inside ( Deluxe Fan Edition ),"Country , Music , Rock , Contemporary Country , Southern Rock , Contemporary Bluegrass",$ 1.29,"‰ ãÑ 2008 Mercury Records , a Division of UMG Recordings , Inc.",3:55,22-Jul-08,47
That Good,Snoop Dogg & Wiz Khalifa,Mac and Devin Go to High School ( Music from and Inspired By the Movie ),"Soundtrack,Music,Hip-Hop / Rap , Hardcore Rap , West Coast Rap , Gangsta Rap , Rap , Soundtrack",$ 1.29,2011 Atlantic Recording Corporation for the United States and WEA International Inc. for the world outside of the United States,3:48,9-Dec-11,48
Truce,twenty one pilots,Vessel,"Alternative , Music , Rock , Indie Rock,Hip-Hop / Rap , Rap , Underground Rap",$ 1.29,2012 Fueled By Ramen LLC for the United States and WEA International Inc. for the world outside of the United States .,2:22,4-Jan-13,49
VHS Outro ( Interlude ),X Ambassadors,VHS,"Alternative , Music , Rock , Adult Alternative",$ 1.29,2015 KIDinaKORNER/Interscope Records,1:25,30-Jun-15,50
That Lucky Old Sun ( Just Rolls Around Heaven All Day ) [ With Willie Nelson ],Kenny Chesney & Willie Nelson,Lucky Old Sun,"Country , Music , Contemporary Country , Honky Tonk",$ 0.99,"2008 Blue Chair Records , LLC",4:16,2008,51
Hurt a Lot Worse When You Go,Toby Keith,"Beyond The Hits , Vol . 1","Country , Music",Album Only,‰ ãÑ 2011 TriPower,4:21,20-Dec-11,52
Through the Ghost,Shinedown,Amaryllis,"Rock , Music , Alternative , Grunge , Hard Rock , Metal",$ 1.29,2012 Atlantic Recording Corporation for the United States and WEA International Inc. for the world outside of the United States,4:01,23-Mar-12,53
White Noise ( feat . AlunaGeorge ),Disclosure,Settle ( Deluxe Version ),"Electronic , Music",$ 1.29,"‰ ãÑ 2014 Universal Island Records , a division of Universal Music Operations Limited",4:37,15-Apr-14,54
Blame ( feat . John Newman ) [ BURNS Remix ],Calvin Harris,Blame ( Remixes ) [ feat . John Newman ] - EP,"Dance , Music",$ 1.29,2014 Sony Music Entertainment UK Limited,4:17,10-Nov-14,55
Otherside Remix ( Live ),Macklemore & Ryan Lewis,Otherside Remix ( Live ) - Single,"Hip-Hop/Rap , Music",$ 0.99,"2011 Macklemore , LLC",6:10,31-Aug-11,56
Electro Man,Calvin Harris,I Created Disco,"Electronic , Music , Pop , Dance , Rock",$ 0.99,2007 SONY BMG MUSIC ENTERTAINMENT ( UK ) Limited,4:58,11-Jun-07,57
Find You ( feat . Matthew Koma & Miriam Bryant ) [ Mike Hawkins Remix ],Zedd,Find You ( Remixes ),"Dance , Music , Electronic",$ 1.29,2014 Interscope Records,4:26,8-Apr-14,58
Afire Love,Ed Sheeran,x,"Singer/Songwriter , Music , Pop , Rock , Contemporary Singer/Songwriter , Adult Alternative",$ 1.29,"2014 Asylum Records UK , a Warner Music UK Company",5:14,20-Jun-14,59
This Love ( Karaoke Version ),Taylor Swift,Taylor Swift Karaoke : 1989,"Pop , Music",$ 1.29,"‰ ãÑ 2014 Big Machine Records , LLC",4:07,3-Mar-15,60
Stay the Night ( feat . Hayley Williams ),Zedd,"NOW That s What I Call Music , Vol . 49","Pop , Music",Album Only,"‰ ãÑ 2014 UMG Recordings , Inc. and Sony Music Entertainment",3:34,4-Feb-14,61
I ve Got All This Ringing In My Ears and None On My Fingers,Fall Out Boy,Infinity On High,"Alternative , Music , Rock , Adult Alternative , Punk",$ 0.99,2007 The Island Def Jam Music Group,4:06,6-Feb-07,62
Shining,X Ambassadors,The Reason - EP,"Alternative , Music , Rock , Adult Alternative , Electronic",$ 1.29,2015 KIDinaKORNER/Interscope Records,3:40,10-Aug-15,63
Kaskade - Fire & Ice Booklet,Kaskade,Fire & Ice,"Dance , Music , House , Electronic",Album Only,"2011 Ultra Records , Inc.",--,25-Oct-11,64
Fly Solo,Wiz Khalifa,Rolling Papers ( Deluxe Version ),"Hip-Hop/Rap , Music , Hardcore Rap , East Coast Rap , Rap",$ 1.29,‰ ãÑ 2011 Atlantic Recording Corporation for the United States and WEA International Inc. for the world outside of the United States,3:20,28-Mar-11,65
Act My Age,One Direction,FOUR ( Ultimate Edition ),"Pop , Music",$ 1.29,2014 Simco Limited under exclusive license to Sony Music Entertainment UK Limited,3:18,17-Nov-14,66
Ha ( feat . Brisco & 4 Mill ),Flo Rida,R.O.O.T.S. ( Deluxe Version ),"Hip-Hop/Rap , Music",Album Only,‰ ãÑ 2009 Atlantic Recording Corporation for the United States and WEA International Inc. for the world outside of the United States,3:54,30-Mar-09,67
Take You,Justin Bieber,Believe,"Pop , Music , Dance , Vocal , Teen Pop , Rock",$ 1.29,‰ ãÑ 2012 The Island Def Jam Music Group,3:40,19-Jun-12,68
Titanium ( Cazzette s Ant Seeking Hamster Mix ) [ feat . Sia ],David Guetta,Titanium ( Remixes ) [ feat . Sia ],"Dance , Music , Electronic",$ 0.99,"2011 What A Music Ltd , licence exclusive Parlophone Music France",6:37,20-Jan-12,69
Slow Down ( Smash Mode Remix ),Selena Gomez,Slow Down ( Remixes ),"Dance , Music , Reggae , Rock , Electronic",$ 1.29,"2013 Hollywood Records , Inc.",5:21,20-Aug-13,70
Little White Lies,One Direction,Midnight Memories ( Deluxe Edition ),"Pop , Music , Rock , Teen Pop , Pop/Rock , Dance",$ 1.29,‰ ãÑ 2013 Simco Limited under exclusive license to Sony Music Entertainment UK Limited,3:17,25-Nov-13,71
Applause ( Goldhouse Remix ),Lady Gaga,Applause ( Remixes ),"Pop , Music , Electronic , Rock",$ 1.29,2013 Interscope Records,4:34,30-Sep-13,72
Son of Sam ( Bonus Track ),Shinedown,The Sound of Madness ( Deluxe Version ),"Rock , Music , Metal , Alternative , Grunge , Hard Rock",Album Only,2008 Atlantic Recording Corp. for the United States and WEA International Inc. for the world outside of the United States,3:37,23-Jun-08,73
It Girl,Jason Derulo,Future History ( Deluxe Version ),"Pop , Music , Rock , R&B / Soul , Contemporary R&B , Dance",$ 1.99,2011 Warner Bros. . Records Inc.,3:13,16-Sep-11,74
Who Dat Girl ( feat . Akon ),Flo Rida,"Only One Flo , Pt. 1 ( Deluxe Version )","Hip-Hop/Rap , Music , Rap , Dirty South",$ 1.29,‰ ãÑ 2010 Atlantic Recording Corporation for the United States and WEA International Inc. for the world outside of the United States,3:19,26-Nov-10,75
Credit,Meghan Trainor,Title ( Deluxe ),"Pop , Music , Rock , Pop/Rock , Dance , Teen Pop",$ 1.29,"2014 , 2015 Epic Records , a division of Sony Music Entertainment",2:51,9-Jan-15,76
Confess To Me ( feat . Jessie Ware ),Disclosure,Settle ( Deluxe Version ),"Electronic , Music",$ 1.29,"‰ ãÑ 2014 Universal Island Records , a division of Universal Music Operations Limited",4:10,15-Apr-14,77
Skrillex Orchestral Suite By Varien ( Bonus Track ),Skrillex,Bangarang,"Dance , Music , Electronic",$ 1.29,"2012 Big Beat Records , Inc. for the United States and WEA International for the world outside the United States .",6:54,27-Dec-11,78
Any Man of Mine ( American Idol Performance ),Lauren Alaina,American Idol Season 10 : Lauren Alaina,"Country , Music , Rock",$ 1.29,"2011 19 Recordings , Inc.",3:40,25-May-11,79
Awooga ( Extended Mix ),Calvin Harris,Bounce ( feat . Kelis ) [ Remixes ],"Dance , Music",$ 1.29,2013 Sony Music Entertainment UK Limited,7:12,5-Feb-13,80
The Breath You Take,George Strait,"Now That s What I Call Country , Vol . 4","Country , Music",Album Only,"2011 EMI MUSIC NORTH AMERICA / SONY MUSIC ENTERTAINMENT / UMG RECORDINGS , INC.",3:34,14-Jun-11,81
Get Low ( Neo Fresco Remix ),Dillon Francis & DJ Snake,Get Low ( Remixes ) - EP,"Dance , Music",$ 1.29,"2014 , 2015 Wedgewood Productions , Inc. & DJ Snake Music LLC , under exclusive license to Columbia Records , a Division of Sony Music Entertainment",4:42,2-Jun-15,82
"Piensas en M  _ ( feat . Luigi 21 Plus , Jory & Yelsid ) [ Remix ]",Nicky Jam,Nicky Jam Hits,"Latin Urban , Music , Latino",$ 0.99,2014 La Industria Inc. . Licencia a Codiscos S.A.S.,4:46,9-Sep-14,83
Baby ( Bonus Video ),Justin Bieber,My World 2.0 ( Bonus Track Version ),"Pop , Music , Teen Pop , Rock , Dance , R&B / Soul , Contemporary R&B",$ 1.99,‰ ãÑ 2010 The Island Def Jam Music Group,3:39,23-Mar-10,84
Sorry for Party Rocking,LMFAO,Sorry for Party Rocking ( Deluxe Version ),"Pop , Music , R&B / Soul,Electronic,Dance,Rock,Hip-Hop / Rap , Rap",$ 1.29,"‰ ãÑ 2011 Foo & Blu , LLC under exclusive License to Interscope Records",3:23,21-Jun-11,85
Centuries ( Gazzo Remix ),Fall Out Boy,Centuries ( Gazzo Remix ) - Single,"Alternative , Music , Rock",$ 1.29,"2014 Island Records , a division of UMG Recordings , Inc.",4:19,22-Dec-14,86
Speakers,Sam Hunt,Montevallo,"Country , Music , Pop , Pop/Rock , Honky Tonk , Contemporary Country , Rock",$ 1.29,"2014 MCA Nashville , a Division of UMG Recordings , Inc.",3:46,27-Oct-14,87
Cameras,Wiz Khalifa,Rolling Papers,"Hip-Hop/Rap , Music , Rap , East Coast Rap , Hardcore Rap",$ 1.29,2011 Atlantic Recording Corporation for the United States and WEA International Inc. for the world outside of the United States,4:29,28-Mar-11,88
Ca nt Stop Now ( feat . Jovi Rockwell and Mr. Vegas ),Major Lazer,Guns Do nt Kill People ... Lazers Do,"Electronic,Music,Hip-Hop / Rap , Rap , Alternative , Reggae , Dance , Modern Dancehall , Rock",$ 1.29,"‰ ãÑ 2009 Downtown Music , LLC .",4:03,2009,89
Rock N  Roll ( Will Take You to the Mountain ),Skrillex,More Monsters and Sprites,"Dance , Music , House , Rock , Electronic",$ 1.99,"2011 Big Beat Records , Inc. for the United States and WEA International for the world outside the United States .",4:34,21-Jun-11,90
"Hey Mama ( feat . Nicki Minaj , Bebe Rexha & Afrojack ) [ Extended ]",David Guetta,"Hey Mama ( feat . Nicki Minaj , Bebe Rexha & Afrojack ) [ Remixes ] - EP","Dance , Music",$ 1.29,"2015 What A Music Ltd. under exclusive license to Parlophone/Warner Music France , under exclusive license to Atlantic Recording Corporation for the United States",4:42,12-May-15,91
6PM In New York,Drake,If You re Reading This It s Too Late,"Hip-Hop/Rap , Music , Hardcore Rap , Rap , R&B / Soul , Contemporary R&B",$ 1.29,2015 Cash Money Records Inc.,4:43,13-Feb-15,92
Chevy Van,Eric Church,Caldwell County - EP,"Country , Music , Contemporary Country",$ 1.29,"2011 EMI Records Nashville . All rights reserved . Unauthorized reproduction is a violation of applicable laws . Manufactured by Capitol Records Nashville , 3322 West End Avenue , 11th Floor , Nashville , TN 37203",2:48,14-Jan-11,93
Delirious ( feat . Tara McDonald ),David Guetta,Pop Life ( Extended Version ) [ Bonus Version ],"Dance , Music , Rock , Pop , House , Electronic , Electronica , Adult Alternative",$ 1.29,‰ ãÑ 2007 Gum Records,4:31,18-Sep-07,94
That Ai nt Me ( feat . Jay Sean ),Lil Wayne & Jay Sean,I Am Not a Human Being,"Hip-Hop/Rap , Music , Rap , Hardcore Rap , Dirty South",$ 1.29,‰ ãÑ 2010 Cash Money Records Inc.,4:02,15-Nov-10,95
Voices ( feat . Sasha Keable ),Disclosure,Settle ( Deluxe Version ),"Electronic , Music",$ 1.29,"‰ ãÑ 2014 Universal Island Records , a division of Universal Music Operations Limited",4:09,15-Apr-14,96
Space Bound,Eminem,Recovery ( Deluxe Edition ),"Hip-Hop/Rap , Music , Rock , Hardcore Rap , Rap",$ 1.29,‰ ãÑ 2010 Aftermath Records,4:38,21-Jun-10,97
We Dem Boyz,Wiz Khalifa,Blacc Hollywood ( Deluxe Version ),"Hip-Hop/Rap , Music , Rap , Hardcore Rap , East Coast Rap , Rock",$ 1.99,2014 Atlantic Recording Corporation for the United States and WEA International Inc. for the world outside of the United States . A Warner Music Group Company,3:56,19-Aug-14,98
Defeated No More ( feat . Edward Macfarlane ),Disclosure,Settle ( Deluxe Version ),"Electronic , Music",$ 1.29,"‰ ãÑ 2014 Universal Island Records , a division of Universal Music Operations Limited",6:07,15-Apr-14,99
G.U.Y.,Lady Gaga,ARTPOP,"Pop , Music , Dance , Rock",$ 1.29,‰ ãÑ 2013 Interscope Records,3:52,11-Nov-13,100
"Fly from the Inside ( Live Acoustic from WXDX , Pittsburgh )",Shinedown,Leave a Whisper ( Deluxe Version ),"Rock , Music , Hard Rock , Alternative",$ 1.29,2009 Atlantic Recording Corporation for the United States and WEA International for the world outside of the United States,3:59,27-May-03,101
Tackle Box,Luke Bryan,I ll Stay Me,"Country , Music , Contemporary Country , Pop",$ 1.29,"2006 , 2007 Capitol Records Nashville . All rights reserved . Unauthorized reproduction is a violation of applicable laws . Manufactured by Capitol Records Nashville , 3322 West End Avenue , 11th Floor , Nashville , TN 37203",4:02,14-Aug-07,102
Because of You,Kelly Clarkson & Reba McEntire,Reba Duets,"Country , Music , Honky Tonk , Contemporary Country",$ 1.99,"‰ ãÑ 2007 MCA Nashville , a Division of UMG Recordings , Inc.",3:42,18-Sep-07,103
X2CU,Jason Derulo,Everything Is 4,"Pop , Music , Rock , Dance , R&B / Soul , Contemporary R&B",$ 1.29,2015 Warner Bros. . Records Inc.,5:13,29-May-15,104
Original Don ( feat . The Partysquad ) [ The Partysquad & Punish Smash Em Remix ],Major Lazer,Original Don ( feat . The Partysquad ) [ Remixes ] - EP,"Electronic , Music , Dance",$ 1.29,2011 Downtown Records Unders exclusive license to Interscope Records in the U.S.A.,3:38,1-Nov-11,105
I Thought You Knew,Keith Urban,Keith Urban,"Country , Music , Honky Tonk , Contemporary Country",$ 1.29,1999 Capitol Records Nashville,3:51,19-Oct-99,106
Get Your S ** t,Wiz Khalifa,Rolling Papers ( Deluxe Version ),"Hip-Hop/Rap , Music , Hardcore Rap , East Coast Rap , Rap",$ 1.29,‰ ãÑ 2011 Atlantic Recording Corporation for the United States and WEA International Inc. for the world outside of the United States,4:36,28-Mar-11,107
Kill Everybody ( Bare Noize Remix ),Skrillex,Scary Monsters and Nice Sprites,"Dance , Music , House , Electronic",$ 1.29,"2010 Big Beat Records , Inc. for the United States and WEA International for the world outside the United States .",4:41,21-Dec-10,108
Love Song,P!NK,Try This,"Pop , Music , Teen Pop , Electronic , Pop/Rock , R&B / Soul , Dance",$ 0.99,"2003 Arista Records , Inc.",2:28,10-Nov-03,109
Extra Extra Credit,Wiz Khalifa,Flight School,"Hip-Hop/Rap , Music",$ 0.99,2009 Rostrum Records,4:03,17-Apr-09,110
Voy a Beber ( feat .  • ejo ) [ Remix ],Nicky Jam,"Greatest Hits , Vol . 1","Latin Urban , Music , Latino",$ 0.99,2014 La Industria Inc licencia a Codiscos S.A.S.,3:44,4-Nov-14,111
The Back Roads and the Back Row,Cole Swindell,Cole Swindell,"Country , Music , Contemporary Country",$ 1.29,2014 Warner Music Nashville LLC and WEA International Inc. for the world outside the U.S.,3:41,18-Feb-14,112
Die in Your Arms,Justin Bieber,Believe ( Deluxe Edition ),"Pop , Music",$ 1.29,‰ ãÑ 2012 The Island Def Jam Music Group,3:57,19-Jun-12,113
Backwoods Beauty Queen,Florida Georgia Line,Anything Like Me - EP,"Country , Music , Honky Tonk , Urban Cowboy , Contemporary Country",$ 0.99,2011 Florida Georgia Line,4:15,14-Dec-10,114
Money to Blow,"Birdman , Lil Wayne & Drake",Pricele $ $,"Hip-Hop/Rap , Music , Dirty South",$ 1.29,‰ ãÑ 2009 Cash Money Records Inc.,4:18,23-Nov-09,115
Club Ca nt Handle Me ( Ridney Remix ),Flo Rida,Club Ca nt Handle Me ( feat . David Guetta ) [ From  Step Up 3D  ] { The Remixes } - EP,"Dance , Music",$ 1.29,2010 Atlantic Recording Corporation for the United States and WEA International Inc. for the world outside of the United States,6:10,17-Aug-10,116
White Horse,Taylor Swift,Fearless,"Country , Music , Rock , Honky Tonk , Pop , Adult Contemporary , Contemporary Country",$ 1.29,"‰ ãÑ 2008 Big Machine Records , LLC",3:54,11-Nov-08,117
Over When It s Over,Eric Church,Chief,"Country , Music , Rock , Contemporary Country , Urban Cowboy",$ 1.29,"‰ ãÑ 2011 EMI Records Nashville . All rights reserved . Unauthorized reproduction is a violation of applicable laws . Manufactured by Capitol Records Nashville , 3322 West End Avenue , 11th Floor , Nashville , TN 37203",2:39,22-Jul-11,118
Nothing Would Be Better,Nick Jonas,Nick Jonas,"Pop , Music , Pop/Rock , Rock",$ 1.29,"2014 Island Records , a division of UMG Recordings , Inc. / Safehouse Records , LLC",4:34,10-Nov-14,119
First - Return to Tackyland,Cold War Kids,Hold My Home ( Deluxe Edition ),"Alternative , Music , Indie Rock , Rock",$ 1.29,‰ ãÑ 2014 Downtown Records,3:26,11-Sep-15,120
Ease My Mind ( feat . Niki and the Dove ) [ GTA Remix ],Skrillex,Ease My Mind v Ragga Bomb Remixes - EP,"Dance , Music",$ 1.29,"2014 OWSLA/Big Beat Records , Inc. for the United States and WEA International Inc. for the world outside of the United States .",4:41,24-Nov-14,121
January ( feat . Jamie Woon ),Disclosure,Settle ( Deluxe Version ),"Electronic , Music",$ 1.29,"‰ ãÑ 2014 Universal Island Records , a division of Universal Music Operations Limited",5:54,15-Apr-14,122
Breaking Inside ( feat . Lzzy Hale of Halestorm ) [ Bonus Track ],Shinedown,The Sound of Madness ( Deluxe Edition ),"Rock , Music , Alternative , Grunge , Metal , Hard Rock",$ 1.29,2010 Atlantic Recording Corporation for the United States and WEA International Inc. for the world outside of the United States .,3:47,24-Jun-08,123
"Turn Down for What ( feat . Juicy J , 2 Chainz & French Montana ) [ Remix ]",DJ Snake & Lil Jon,"Turn Down for What ( feat . Juicy J , 2 Chainz & French Montana ) [ Remix ] - Single","Hip-Hop/Rap , Music",$ 1.29,"2014 Columbia Records , a Division of Sony Music Entertainment",3:45,19-May-14,124
Wildest Dreams,Taylor Swift,1989,"Pop , Music , Rock",$ 1.29,"‰ ãÑ 2014 Big Machine Records , LLC .",3:40,27-Oct-14,125
Judas ( Royksopp s 30 Pieces Remix ),Lady Gaga,Born This Way ( The Remix ),"Pop , Music , Dance",Album Only,2011 Interscope Records,9:18,21-Nov-11,126
Do Something Love ( feat . Juliet ),David Guetta,Pop Life ( Extended Version ) [ Bonus Version ],"Dance , Music , Rock , Pop , House , Electronic , Electronica , Adult Alternative",$ 1.29,‰ ãÑ 2007 Gum Records,4:10,18-Sep-07,127
One Mississippi ( Live from CMT  Listen Up  ),Brett Eldredge,Bring You Back,"Country , Music , Honky Tonk , Traditional Country , Contemporary Country",$ 1.29,2013 Atlantic Recording Corporation for the United States and WEA International Inc. for the world outside of the United States,4:10,6-Aug-13,128
The Motto ( feat . Lil Wayne ) [ Bonus Track ],Drake,Take Care ( Deluxe Version ),"Hip-Hop/Rap , Music",$ 1.29,‰ ãÑ 2011 Cash Money Records Inc.,3:01,15-Nov-11,129
Rashi ( Outro ),Mark Ronson,Here Comes the Fuzz,"Dance,Music,Hip-Hop / Rap,Hip-Hop , Alternative Rap , R&B / Soul , Soul , Electronic",$ 0.99,2003 Elektra Entertainment for the United States and WEA International Inc. for the world outside of the United States .,2:01,29-Aug-03,130
Clarity ( feat . Foxes ) [ Brillz Remix ],Zedd,Clarity ( Remixes ) - EP,"Dance , Music , Electronic , House",$ 1.29,2013 Interscope Records,5:57,12-Feb-13,131
Available ( feat . Akon ),Flo Rida,R.O.O.T.S. ( Deluxe Version ),"Hip-Hop/Rap , Music",$ 1.29,‰ ãÑ 2009 Atlantic Recording Corporation for the United States and WEA International Inc. for the world outside of the United States,4:24,30-Mar-09,132
Pray to God ( feat . HAIM ) [ Calvin Harris vs Mike Pickering Hacienda Remix ],Calvin Harris,Pray to God ( Remixes ) [ feat . HAIM ] - Single,"Dance , Music",$ 1.29,2015 Sony Music Entertainment UK Limited,3:43,26-May-15,133
Get Free ( feat . Amber of Dirty Projectors ) [ What So Not Remix ],Major Lazer,Free the Universe ( Extended Version ),"Electronic , Music , Rock , Reggae , Modern Dancehall , Dance",$ 1.29,‰ ãÑ 2013 Secretly Canadian / Mad Decent,4:58,18-Jun-13,134
Stop Me ( Kissy Sell Out Remix ),Daniel Merriweather & Mark Ronson,Stop Me ( Remixes ) - EP,"Electronic,Music,Hip-Hop / Rap , Alternative Rap , R&B / Soul,Neo-Soul , Soul , Contemporary R&B",$ 0.99,2007 Mark Ronson under exclusive license to SONY BMG MUSIC ENTERTAINMENT ( UK ) LIMITED,5:58,14-Aug-07,135
Clean,Ryan Adams,1989,"Rock , Music",$ 1.29,2015 PaxAmericana Recording Company Under Exclusive License To Blue Note Records,4:23,21-Sep-15,136
Crew Love ( feat . The Weeknd ),Drake,Take Care ( Deluxe Version ),"Hip-Hop/Rap , Music",$ 1.29,‰ ãÑ 2011 Cash Money Records Inc.,3:28,15-Nov-11,137
Popular ( feat . Lil  Twist ),Lil Wayne & Lil  Twist,I Am Not a Human Being,"Hip-Hop/Rap , Music , Rap , Hardcore Rap , Dirty South",$ 1.29,‰ ãÑ 2010 Cash Money Records Inc.,4:40,15-Nov-10,138
We re All the Same,Calvin Harris,I Created Disco,"Dance , Music , R&B / Soul , Disco , Electronic , Rock",$ 0.99,2007 SONY BMG MUSIC ENTERTAINMENT ( UK ) Limited,3:56,18-Jun-07,139
Do What U Want ( feat . Christina Aguilera ) [ Red Ant & Amp Lexvas Deep House Remix ],Lady Gaga,Do What U Want ( Remixes ),"Pop , Music",$ 1.29,2014 Interscope Records,6:50,25-Feb-14,140
Take  There ( feat . Kiesza ) [ Missy Elliott Remix ] [ Bonus Track ],Skrillex & Diplo,Skrillex and Diplo Present Jack,"Dance,Music,Hip-Hop / Rap , Jazz , Bop , Electronic , Rap , Rock",$ 1.29,2015 Atlantic Recording Corporation for the US and WEA International for the world outside the United States . A Warner Music Group Company,3:30,24-Feb-15,141
Over When It s Over ( Live ),Eric Church,Caught In the Act ( Live ),"Country , Music , Contemporary Country , Urban Cowboy",$ 1.29,"‰ ãÑ 2013 EMI Records Nashville . All rights reserved . Unauthorized reproduction is a violation of applicable laws . Manufactured by Capitol Records Nashville , 401 Commerce Street , Suite 1100 , Nashville , TN 37219",2:59,5-Apr-13,142
Sweet Spot 2.0 ( feat . Jennifer Lopez ),Flo Rida,Wild Ones,"Hip-Hop/Rap , Music , Rap , Electronic , World , Dance",$ 1.29,2012 Atlantic Recording Corporation for the United States and WEA International Inc. for the world outside of the United States,3:11,22-Jun-12,143
Baby When the Light ( David Guetta & Fred Rister Remix ),David Guetta,Pop Life ( Extended Version ) [ Bonus Version ],"Dance , Music , Rock , Pop , House , Electronic , Electronica , Adult Alternative",$ 1.29,‰ ãÑ 2007 Gum Records,6:17,18-Sep-07,144
Before She Does ( Live ),Eric Church,Caught In the Act ( Live ),"Country , Music , Contemporary Country , Urban Cowboy",$ 1.29,"‰ ãÑ 2013 EMI Records Nashville . All rights reserved . Unauthorized reproduction is a violation of applicable laws . Manufactured by Capitol Records Nashville , 401 Commerce Street , Suite 1100 , Nashville , TN 37219",3:42,5-Apr-13,145
"I Do nt Like It , I Love It ( feat . Robin Thicke & Verdine White ) [ Kasum Remix ]",Flo Rida,"I Do nt Like It , I Love It ( feat . Robin Thicke & Verdine White ) [ Kasum Remix ] - Single","Dance , Music",$ 1.29,2015 Atlantic Recording Corporation for the United States and WEA International Inc. for the world outside of the United States . A Warner Music Group Company,3:19,10-Jul-15,146
The Tin Man,Kenny Chesney,All I Need to Know,"Country , Music , Urban Cowboy , Contemporary Country",$ 0.99,"1995 , BMG Entertainment",3:25,13-Jun-95,147
Faith In Love,Reba McEntire & Rascal Flatts,Reba Duets,"Country , Music , Honky Tonk , Contemporary Country",$ 1.29,"‰ ãÑ 2007 MCA Nashville , a Division of UMG Recordings , Inc.",3:47,18-Sep-07,148
Thinking About You ( feat . Ayah Marar ) [ Michael Brun Remix ],Calvin Harris,Thinking About You ( feat . Ayah Marar ) [ Remixes ],"Dance , Music",$ 1.29,2013 Sony Music Entertainment UK Limited,5:42,2-Aug-13,149
Medicated ( feat . Chevy Woods & Juicy J ),Wiz Khalifa,O.N.I.F.C.,"Hip-Hop/Rap , Music , Hardcore Rap , East Coast Rap , Rap",$ 1.29,2012 Atlantic Recording Corporation for the United States and WEA International Inc. for the world outside of the United States,5:30,4-Dec-12,150
Going Away For a While,Brett Eldredge,Illinois,"Country , Music , Contemporary Country , Honky Tonk , Traditional Country",$ 1.29,2015 Atlantic Recording Corporation for the United States and WEA International Inc. for the world outside of the United States . A Warner Music Group Company,3:13,11-Sep-15,151
Jump ( feat . Nelly Furtado ),Flo Rida,R.O.O.T.S. ( Deluxe Version ),"Hip-Hop/Rap , Music",$ 1.29,‰ ãÑ 2009 Atlantic Recording Corporation for the United States and WEA International Inc. for the world outside of the United States,3:28,30-Mar-09,152
A Wake ( feat . Evan Roman ),Macklemore & Ryan Lewis,The Heist ( Deluxe Edition ),"Hip-Hop/Rap , Music , Rap , Alternative Rap , West Coast Rap",$ 1.29,"‰ ãÑ 2012 Macklemore , LLC .",3:46,1-Aug-12,153
Firefly ( Bravado Dubstep Remix ),Ed Sheeran,Loose Change,"Singer/Songwriter , Music , Contemporary Singer/Songwriter , Rock , Adult Alternative",$ 1.29,2010 All tracks ( p ) 2010 Paw Print Records under exclusive license to Warner Music UK Limited except for track 1 ( p ) 2011Paw Print Records under exclusive license to Warner Music UK Limited,4:29,9-Dec-11,154
Dance In the Dark,Lady Gaga,The Fame Monster ( Deluxe Version ),"Pop , Music",$ 1.29,‰ ãÑ 2014 Interscope Records,4:48,5-Aug-14,155
Wake Up,Wiz Khalifa,Rolling Papers ( Deluxe Version ),"Hip-Hop/Rap , Music , Hardcore Rap , East Coast Rap , Rap",$ 1.29,‰ ãÑ 2011 Atlantic Recording Corporation for the United States and WEA International Inc. for the world outside of the United States,3:46,28-Mar-11,156
Hold Up ( feat . T Streets ),Lil Wayne & T Streets,I Am Not a Human Being,"Hip-Hop/Rap , Music , Rap , Hardcore Rap , Dirty South",$ 1.29,‰ ãÑ 2010 Cash Money Records Inc.,4:10,15-Nov-10,157
Speak Now - World Tour Live Concert ( Live 2011 ),Taylor Swift,Speak Now - World Tour Live,"Country , Music , Rock , Contemporary Country , Honky Tonk",Album Only,"2011 Big Machine Records , LLC .",2:09:26,21-Nov-11,158
"The Birds , Pt. 1",The Weeknd,Trilogy,"R&B / Soul , Music , Rock , Contemporary R&B",$ 1.29,"‰ ãÑ 2012 XO & co. , Inc.",3:34,13-Nov-12,159
Best of Cr247,Chase Rice,Ignite the Night ( Party Edition ),"Country , Music , Urban Cowboy , Contemporary Country",Album Only,"2014 Dack Janiels Records , under exclusive license to Sony Music Entertainment .",6:57,19-Aug-14,160
Get Free ( Andy C remix ),Major Lazer,Get Free - Single,"Electronic , Music , Dance , Rock , Electronica",$ 1.29,2013 Secretly Canadian / Mad Decent,5:31,27-Feb-13,161
Good Feeling ( Seductive Remix ),Flo Rida,Good Feeling ( Remixes ),"Dance,Music,Hip-Hop / Rap , Rap , Electronic",$ 1.29,2011 Atlantic Recording Corporation for the United States and WEA International Inc. for the world outside of the United States,4:45,15-Nov-11,162
From ( feat . Jhene Aiko ),Drake,Nothing Was the Same,"Hip-Hop/Rap , Music , Rap , Hardcore Rap , R&B / Soul , Contemporary R&B",$ 1.29,‰ ãÑ 2013 Cash Money Records Inc.,5:22,24-Sep-13,163
Boiling ( Medlar Remix ),Disclosure,Control,"Electronic , Music , Dance",$ 1.29,2013 Greco-Roman Ltd,5:52,2-Apr-13,164
Billy,Keith Urban,In the Ranch,"Country , Music , Honky Tonk , Contemporary Country",$ 1.29,1997 Capitol Nashville,3:46,1997,165
The Motto ( Bonus Track ) [ feat . Lil Wayne ],Drake,Take Care ( Deluxe Version ),"Hip-Hop/Rap , Music",$ 1.29,‰ ãÑ 2011 Cash Money Records Inc.,3:01,15-Nov-11,166
Sumthin Like This Night ( feat . Gorillaz ),Snoop Dogg & Gorillaz,Doggumentary,"Hip-Hop/Rap , Music , Rock , Gangsta Rap , West Coast Rap",$ 1.29,"‰ ãÑ 2011 Capitol Records , LLC . All rights reserved . Unauthorized reproduction is a violation of applicable laws . Manufactured by Capitol Records , LLC , 1750 North Vine Street , Hollywood , CA 90028 .",3:37,29-Mar-11,167
From This Dream,Little Big Town,Little Big Town,"Country , Music , Urban Cowboy , Honky Tonk , Contemporary Country",$ 0.99,2002 SONY BMG MUSIC ENTERTAINMENT,4:27,7-May-02,168
Same Love ( feat . Mary Lambert ),Macklemore & Ryan Lewis,The Heist ( Deluxe Edition ),"Hip-Hop/Rap , Music , Rap , Alternative Rap , West Coast Rap",$ 1.29,"‰ ãÑ 2012 Macklemore , LLC .",5:20,1-Aug-12,169
Elevator ( feat . Timbaland ),Flo Rida,Mail On Sunday ( Deluxe Version ),"Hip-Hop/Rap , Music , Dirty South",$ 1.99,2008 Atlantic Recording Corporation for the United States and WEA International Inc. for the world outside of the United States,3:55,17-Mar-08,170
The Woodland Realm ( Extended Version ),Howard Shore,The Hobbit : The Desolation of Smaug ( Original Motion Picture Soundtrack ) [ Special Edition ],"Soundtrack , Music , Soundtrack , Classical , Original Score",$ 1.29,‰ ãÑ 2013 WaterTower Music,5:14,10-Dec-13,171
Talk Dirty ( feat . 2 Chainz ) [ TJR Remix ],Jason Derulo,Talk Dirty ( feat . 2 Chainz ) [ TJR Remix ] - Single,"Pop , Music , R&B / Soul , Rock , Dance , Contemporary R&B",$ 1.29,2014 Warner Bros. . Records Inc.,4:07,2-May-14,172
Here s to the Good Times,Florida Georgia Line,Here s to the Good Times,"Country , Music , Urban Cowboy , Honky Tonk , Contemporary Country",$ 1.29,"‰ ãÑ 2012 Big Machine Label Group , LLC",4:11,4-Dec-12,173
Anything Goes,Florida Georgia Line,Anything Goes,"Country , Music , Honky Tonk , Urban Cowboy , Contemporary Country",$ 1.29,"‰ ãÑ 2014 Big Machine Label Group , LLC",3:39,14-Oct-14,174
45,Shinedown,Leave a Whisper,"Rock , Music , Hard Rock , Alternative",$ 1.29,2003 Atlantic Recording Corporation for the United States and WEA International for the world outside of the United States,4:09,27-May-03,175
Teardrops On My Guitar ( Pop Version ),Taylor Swift,Taylor Swift ( Bonus Track Version ),"Country , Music , Pop , Teen Pop , Honky Tonk , Contemporary Country",$ 0.99,"2008 Big Machine Records , LLC All Rights Reserved Under License to UMGD",2:59,24-Oct-06,176
Love Is Gone ( Fred Rister & Joachim Garraud Remix ),David Guetta,Pop Life ( Extended Version ) [ Bonus Version ],"Dance , Music , Rock , Pop , House , Electronic , Electronica , Adult Alternative",$ 1.99,‰ ãÑ 2007 Gum Records,3:42,18-Sep-07,177
Over My Dead Body,Drake,Take Care ( Deluxe Version ),"Hip-Hop/Rap , Music",$ 1.29,‰ ãÑ 2011 Cash Money Records Inc.,4:32,15-Nov-11,178
Latch ( feat . Sam Smith ),Disclosure,Settle ( Deluxe Version ),"Electronic , Music",$ 1.29,"‰ ãÑ 2014 Universal Island Records , a division of Universal Music Operations Limited",4:15,15-Apr-14,179
Money Right ( feat . Rick Ross & Brisco ),Flo Rida,Mail On Sunday,"Hip-Hop/Rap , Music , Pop , Dirty South",$ 1.29,2008 Atlantic Recording Corporation for the United States and WEA International Inc. for the world outside of the United States,3:16,18-Mar-08,180
Outversion,Mark Ronson,Version,"Pop , Music , R&B / Soul,Soul,Dance,Rock,Jazz,Hip-Hop / Rap,Electronic,Hip-Hop , Pop/Rock , Adult Alternative",$ 0.99,2007 Mark Ronson under exclusive license to SONY BMG MUSIC ENTERTAINMENT ( UK ) Limited except Track 9 ( P ) 2006 Rapster Records / BBE Records,1:50,10-Jul-07,181
Ready for the Weekend ( Dave Spoon Dub Remix ),Calvin Harris,Ready for the Weekend - EP,"Dance , Music , Rock , Electronic",$ 0.99,"2009 Sony Music Entertainment Limited under exclusive license to Ultra Records , Inc.",6:35,15-Sep-09,182
"I Know ( feat . Chris Brown , Wiz Khalifa & Seven )","Diddy - Dirty Money , Chris Brown , Wiz Khalifa & Seven",Last Train to Paris,"Hip-Hop/Rap , Music , R&B / Soul , Contemporary R&B , Dance , Rap",$ 1.29,‰ ãÑ 2010 Bad Boy/Interscope Records,4:31,14-Dec-10,183
My Armor Is Iron,Howard Shore,The Hobbit : The Desolation of Smaug ( Original Motion Picture Soundtrack ) [ Special Edition ],"Soundtrack , Music , Soundtrack , Classical , Original Score",$ 1.29,‰ ãÑ 2013 WaterTower Music,5:16,10-Dec-13,184
Recess ( feat . Fatman Scoop and Michael Angelakos ) [ Flux Pavilion Remix ],Skrillex & Kill the Noise,Recess Remixes - EP,"Dance , Music",$ 1.29,"2014 OWSLA/Big Beat Records , Inc. for the United States and WEA International Inc. for the world outside of the United States .",3:47,7-Jul-14,185
Lights ( RAC Mix ),Ellie Goulding,"Lights , Pt. 2 ( The Remixes ) - EP","Dance , Music , Pop",$ 1.29,2011 Polydor Ltd. ( UK ),5:44,19-Jul-11,186
Turn to You ( Mother s Day Dedication ),Justin Bieber,Turn to You ( Mother s Day Dedication ) - Single,"Pop , Music , Rock",$ 1.29,2012 The Island Def Jam Music Group,3:39,11-May-12,187
I d Love to Change Your Name,Kenny Chesney,In My Wildest Dreams,"Country , Music , Urban Cowboy , Contemporary Country",$ 0.99,2004 BMG Music,2:48,1994,188
A+E ( feat . Kandaka Moore & Nikki Cislyn ),Clean Bandit,New Eyes,"Dance , Music , Electronic , Classical , Classical Crossover , Rock , House , Electronica",$ 1.29,2014 Warner Music UK Limited,4:06,2-Jun-14,189
Downside of Growing Up,Maddie & Tae,Start Here,"Country , Music , Rock , Contemporary Country , Pop , Pop/Rock , Honky Tonk",$ 1.29,"‰ ãÑ 2015 Republic Records , a Division of UMG Recordings , Inc. ( Dot Records )",3:30,28-Aug-15,190
Brave Honest Beautiful ( feat . Meghan Trainor ),Fifth Harmony,Reflection ( Deluxe ),"Pop , Music , R&B / Soul , Dance , Teen Pop , Rock",$ 1.29,"2014 , 2015 Simco Ltd. under exclusive license to Epic Records , a division of Sony Music Entertainment",3:28,30-Jan-15,191
Goodbye to You ( feat . Dot Rotten ),Ed Sheeran,5,"Pop , Music , Rock , Singer/Songwriter , Contemporary Singer/Songwriter , Adult Alternative",$ 1.29,2014 Warner Music UK LImited,5:30,23-Jun-14,192
Rewind ( feat . Monty ),Fetty Wap,Fetty Wap,"Hip-Hop/Rap , Music , Rap",Album Only,2015 300 Entertainment/RGF Productions,5:36,,193
"Dayum , Baby ( feat . Sarah Buxton )",Florida Georgia Line,Here s To the Good Times ... This Is How We Roll ( Deluxe Version ),"Country , Music , Urban Cowboy , Honky Tonk , Contemporary Country",$ 1.29,"‰ ãÑ 2013 Big Machine Label Group , LLC",3:26,25-Nov-13,194
Yayo,Lana Del Rey,Born To Die - The Paradise Edition,"Alternative , Music , Rock , Adult Alternative",$ 1.29,‰ ãÑ 2012 Lana Del Rey under exclusive licence to Polydor Ltd. ( UK ) . Under exclusive licence to Interscope Records in the USA,5:21,13-Nov-12,195
Party People ( feat . Jaren Johnston ),Florida Georgia Line,Here s To the Good Times ... This Is How We Roll ( Deluxe Version ),"Country , Music , Urban Cowboy , Honky Tonk , Contemporary Country",$ 1.29,"‰ ãÑ 2013 Big Machine Label Group , LLC",3:40,25-Nov-13,196
You Gon na Fly,Keith Urban,Get Closer ( Deluxe Version ),"Country , Music , Honky Tonk , Pop , Pop/Rock , Contemporary Country , Rock",$ 1.29,"‰ ãÑ 2010 Hit Red Records under exclusive license to Capitol Records Nashville . All rights reserved . Unauthorized reproduction is a violation of applicable laws . Manufactured by Capitol Records Nashville , 3322 West End Avenue , 11th Floor , Nashville , TN 37",3:36,22-Feb-11,197
I Have Seen the Rain ( Featuring James T. Moore ),P!nk featuring James T. Moore,I m Not Dead,"Pop , Music , Electronic , R&B / Soul , Pop/Rock , Dance",$ 0.99,"2006 RCA/JIVE Label Group , a unit of Sony Music Entertainment",3:29,4-Mar-06,198
We ll Be Coming Back ( feat . Example ) [ Jacob Plant Remix ],Calvin Harris,We ll Be Coming Back ( feat . Example ) [ Remixes ],"Dance , Music , R&B / Soul , Electronic",$ 1.29,2013 Sony Music Entertainment UK Limited,5:02,5-Feb-13,199
Who s That Chick ? ( feat . Rihanna ) [ Single Version ],David Guetta & Rihanna,Who s That Chick ( feat . Rihanna ) - EP,"House , Music , Dance , Rock , Electronic",$ 0.99,2010 Gum Prod licence exclusive Parlophone Music France,2:45,3-Dec-10,200
Bad Blood ( Karaoke Version ),Taylor Swift,Taylor Swift Karaoke : 1989,"Pop , Music",$ 1.29,"‰ ãÑ 2014 Big Machine Records , LLC",3:29,3-Mar-15,201
We Know,Fifth Harmony,Reflection,"Pop , Music , R&B / Soul , Teen Pop , Dance , Rock",$ 1.29,"2014 , 2015 Simco Ltd. under exclusive license to Epic Records , a division of Sony Music Entertainment",2:57,30-Jan-15,202
Follow You Down ( feat . Bright Lights ),Zedd,Clarity ( Deluxe Edition ),"Dance , Music",$ 1.29,‰ ãÑ 2013 Interscope Records,5:47,24-Sep-13,203
Are You Leaving With Him,Luke Bryan,Spring Break ... Checkin  Out,"Country , Music , Contemporary Country",$ 1.29,2015 Capitol Records Nashville,3:23,10-Mar-15,204
Make It Bun Dem ( Alvin Risk Remix ),Skrillex & Damian  Jr. . Gong  Marley,Make It Bun Dem After Hours ( Remixes ),"Dance , Music , Electronic",$ 1.29,2012 OWSLA and Big Beat Records for the United States and WEA International for the world outside the United States .,3:58,28-Aug-12,205
Better Than Words,One Direction,Midnight Memories,"Pop , Music , Rock , Pop/Rock , Teen Pop , Dance",$ 1.29,2013 Simco Limited under exclusive license to Sony Music Entertainment UK Limited,3:27,25-Nov-13,206
We Dem Boyz ( Louis Futon Remix ),Wiz Khalifa,We Dem Boyz ( Louis Futon Remix ) - Single,"Electronic,Music,Hip-Hop / Rap , Rap",$ 1.29,2014 Atlantic Recording Corporation for the United States and WEA International Inc. for the world outside of the United States . A Warner Music Group Company,4:19,1-Jul-14,207
Cold Game ( feat . Latoiya Williams ),Snoop Dogg & Latoiya Williams,Doggumentary,"Hip-Hop/Rap , Music , Rock , Gangsta Rap , West Coast Rap",$ 1.29,"‰ ãÑ 2011 Capitol Records , LLC . All rights reserved . Unauthorized reproduction is a violation of applicable laws . Manufactured by Capitol Records , LLC , 1750 North Vine Street , Hollywood , CA 90028 .",3:49,29-Mar-11,208
See You Again,Elle King,Love Stuff,"Alternative , Music , Rock",$ 1.29,"2014 RCA Records , a division of Sony Music Entertainment",3:26,13-Feb-15,209
This Is Not a Love Song,David Guetta & JD Davis,Pop Life ( Extended Version ) [ Bonus Version ],"Dance , Music , Rock , Pop , House , Electronic , Electronica , Adult Alternative",$ 1.29,‰ ãÑ 2007 Gum Records,3:46,18-Sep-07,210
Uptown Funk ( feat . Bruno Mars ) [ Trinidad James Remix ],Mark Ronson,Uptown Funk ( Trinidad James Remix ) [ feat . Bruno Mars ] - Single,"Pop , Music",$ 1.29,2015 Mark Ronson under exclusive licence to Sony Music Entertainment UK Limited,4:22,29-Jun-15,211
Please Come to Boston ( Live ),Kenny Chesney,When the Sun Goes Down ( Deluxe Version ),"Country , Music , Contemporary Country , Urban Cowboy",$ 1.29,2007 SONY BMG MUSIC ENTERTAINMENT,4:00,2-Feb-04,212
Help Me Lose My Mind ( feat . London Grammar ),Disclosure,Settle ( Deluxe Version ),"Electronic , Music",$ 1.29,"‰ ãÑ 2014 Universal Island Records , a division of Universal Music Operations Limited",4:04,15-Apr-14,213
Jimmy Iovine ( feat . Ab-Soul ),Macklemore & Ryan Lewis,The Heist ( Deluxe Edition ),"Hip-Hop/Rap , Music , Rap , Alternative Rap , West Coast Rap",$ 1.29,"‰ ãÑ 2012 Macklemore , LLC .",3:53,1-Aug-12,214
Jack Daniels and Jesus,Chase Rice,Ignite the Night,"Country , Music , Urban Cowboy , Contemporary Country",$ 1.29,2014 Dack Janiels Records,3:55,19-Aug-14,215
"Girion , Lord of Dale ( Extended Version )",Howard Shore,The Hobbit : The Desolation of Smaug ( Original Motion Picture Soundtrack ) [ Special Edition ],"Soundtrack , Music , Soundtrack , Classical , Original Score",$ 1.29,‰ ãÑ 2013 WaterTower Music,4:15,10-Dec-13,216
Second Chance,Disclosure,Settle ( Deluxe Version ),"Electronic , Music",$ 1.29,"‰ ãÑ 2014 Universal Island Records , a division of Universal Music Operations Limited",2:27,15-Apr-14,217
This Love ( Will Be Your Downfall ),Ellie Goulding,Bright Lights ( Deluxe Version ),"Pop , Music , Dance , Rock",$ 1.29,‰ ãÑ 2010 Polydor Ltd. ( UK ),3:53,29-Nov-10,218
Thank Me Now,Drake,Thank Me Later,"Hip-Hop/Rap , Music , Hardcore Rap , Rock , Rap , R&B / Soul , Contemporary R&B",$ 1.29,2010 Young Money Entertainment/Cash Money Records/Universal Motown,5:28,16-Jun-10,219
Cowboy Boots,Macklemore & Ryan Lewis,The Heist,"Hip-Hop , Music,Hip-Hop / Rap , Rap , West Coast Rap , Alternative Rap",$ 1.29,"2012 Macklemore , LLC .",4:15,9-Oct-12,220
Old Blue Chair,Kenny Chesney,When the Sun Goes Down,"Country , Music , Contemporary Country , Urban Cowboy",$ 1.29,2004 Sony Music Entertainment,3:23,1-Jan-90,221
Bumpin  the Night,Florida Georgia Line,Anything Goes,"Country , Music , Honky Tonk , Urban Cowboy , Contemporary Country",$ 1.29,"‰ ãÑ 2014 Big Machine Label Group , LLC",3:42,14-Oct-14,222
Thriller ( Live From Hammersmith Palais ),Fall Out Boy,Infinity On High ( Deluxe Edition ),"Alternative , Music , Rock , Adult Alternative , Punk",$ 0.99,2007 The Island Def Jam Music Group,3:32,20-Nov-07,223
My Songs Know What You Did In the Dark ( Light Em Up ),Fall Out Boy,"Now That s What I Call Music , Vol . 46","Pop , Music",Album Only,"‰ ãÑ 2013 UMG Recordings , Inc. and Sony Music Entertainment",3:06,7-May-13,224
Is It Love,P!NK,Ca nt Take Me Home,"Pop , Music , Dance , R&B / Soul , Pop/Rock , Teen Pop , Contemporary R&B",$ 0.99,"1999 , 2000 LaFace Records LLC",3:38,5-May-97,225
Remark,Rachel Platten,Be Here,"Pop , Music , Singer/Songwriter , Contemporary Singer/Songwriter , Rock , Adult Alternative",$ 0.99,"2011 Great Unknown , LLC",2:57,26-Apr-11,226
Dirty Vibe ( Ricky Remedy Remix ),Skrillex,Dirty Vibe ( Remixes ) - EP,"Dance , Music",$ 1.29,"2014 OWSLA/Big Beat Records , Inc. for the United States and WEA International Inc. for the world outside of the United States .",3:42,15-Dec-14,227
Songs Like This,Carrie Underwood,Play On,"Country , Music , Pop , Adult Contemporary , Contemporary Country , Rock",$ 1.29,"‰ ãÑ 2009 19 Recordings Limited , under exclusive license to Arista Nashville",2:37,3-Nov-09,228
Glasgow,David Guetta,Nothing But the Beat - The Electronic Album,"Dance , Music , Electronic , House , Rock",$ 0.99,"2011 What A Music Ltd , Licence exclusive Parlophone Music France",5:13,26-Aug-11,229
You Belong With Me ( Instrumental With Background Vocals ),Taylor Swift,Taylor Swift Karaoke : Fearless ( Instrumentals With Background Vocals ),"Country , Music",$ 0.99,"‰ ãÑ 2009 Big Machine Records , LLC",3:57,7-Apr-09,230
Stars Come Out ( Tim Mason Remix ),Zedd,Stars Come Out ( Remixes ) - EP,"Dance , Music , Electronic , House",$ 1.29,2012 Dim Mak Inc.,5:49,20-May-14,231
I Almost Do,Taylor Swift,Red,"Country , Music , Rock , Contemporary Country , Honky Tonk , Pop , Teen Pop",$ 1.29,"‰ ãÑ 2012 Big Machine Records , LLC .",4:04,22-Oct-12,232
The Nature of Evil,Howard Shore,The Hobbit : The Desolation of Smaug ( Original Motion Picture Soundtrack ) [ Special Edition ],"Soundtrack , Music , Soundtrack , Classical , Original Score",$ 1.29,‰ ãÑ 2013 WaterTower Music,3:20,10-Dec-13,233
The A Team ( Live ),Ed Sheeran,iTunes Festival : London 2012 - EP,"Singer/Songwriter , Music",$ 1.99,2012 Warner Music UK LImited,5:01,3-Sep-12,234
I Do nt Need No B **** ( feat . Devin the Dude & Kobe Honeycutt ),Snoop Dogg,Doggumentary,"Hip-Hop/Rap , Music , Rock , Gangsta Rap , West Coast Rap",$ 1.29,"‰ ãÑ 2011 Capitol Records , LLC . All rights reserved . Unauthorized reproduction is a violation of applicable laws . Manufactured by Capitol Records , LLC , 1750 North Vine Street , Hollywood , CA 90028 .",3:59,29-Mar-11,235
Peer Pressure ( feat . Traci Nelson ),Snoop Dogg,Doggumentary,"Hip-Hop/Rap , Music , Rock , Gangsta Rap , West Coast Rap",$ 1.29,"‰ ãÑ 2011 Capitol Records , LLC . All rights reserved . Unauthorized reproduction is a violation of applicable laws . Manufactured by Capitol Records , LLC , 1750 North Vine Street , Hollywood , CA 90028 .",4:07,29-Mar-11,236
Happily,One Direction,Midnight Memories ( Deluxe Edition ),"Pop , Music , Rock , Teen Pop , Pop/Rock , Dance",$ 1.29,‰ ãÑ 2013 Simco Limited under exclusive license to Sony Music Entertainment UK Limited,2:55,25-Nov-13,237
Talkin  2 Myself ( feat . Kobe ),Eminem,Recovery ( Deluxe Edition ),"Hip-Hop/Rap , Music , Rock , Hardcore Rap , Rap",$ 1.29,‰ ãÑ 2010 Aftermath Records,5:00,21-Jun-10,238
Thrift Shop ( feat . Wanz ),Macklemore & Ryan Lewis,The Heist ( Deluxe Edition ),"Hip-Hop/Rap , Music , Rap , Alternative Rap , West Coast Rap",$ 1.29,"‰ ãÑ 2012 Macklemore , LLC .",3:55,1-Aug-12,239
Wind Up ( feat . Elephant Man & Opal ),Major Lazer,Free the Universe ( Extended Version ),"Electronic , Music , Rock , Reggae , Modern Dancehall , Dance",$ 1.29,‰ ãÑ 2013 Secretly Canadian / Mad Decent,4:27,18-Jun-13,240
Like Me,Kenny Chesney,The Road and the Radio,"Country , Music , Honky Tonk , Urban Cowboy , Contemporary Country",$ 0.99,2005 BMG Music,5:11,6-Nov-05,241
Outside ( feat . Ellie Goulding ) [ Oliver Heldens Remix ],Calvin Harris,Outside ( feat . Ellie Goulding ) [ Remixes ] - Single,"Dance , Music",$ 1.29,2015 Sony Music Entertainment UK Limited,4:55,10-Apr-15,242
Anna Sun ( Live ),WALK THE MOON,iTunes Festival : London 2012 - EP,"Alternative , Music",$ 1.29,"2012 RCA Records , a division of Sony Music Entertainment",6:11,10-Sep-12,243
All My Love ( feat . Ariana Grande & Machel Montano ) [ Remix ],Major Lazer,Peace Is The Mission,"Electronic , Music , Reggae , Modern Dancehall , Dance",$ 1.29,2015 Mad Decent,3:49,1-Jun-15,244
Let Go,Ryan Adams,Ryan Adams,"Rock , Music , Singer/Songwriter , Contemporary Singer/Songwriter , Adult Alternative , Country , Alternative Country , Americana",$ 1.29,2014 PaxAmericana Recording Company Under Exclusive License To Blue Note Records .,3:43,9-Sep-14,245
In God s Hands ( feat . Keith Urban ),Nelly Furtado & Keith Urban,The Best of Nelly Furtado ( Deluxe Version ),"Pop , Music , Rock , Vocal , Adult Alternative , Singer/Songwriter , Contemporary Singer/Songwriter",$ 0.99,‰ ãÑ 2010 Geffen Records,4:34,16-Nov-10,246
Lord Knows ( feat . Rick Ross ),Drake,Take Care ( Deluxe Version ),"Hip-Hop/Rap , Music",$ 1.29,‰ ãÑ 2011 Cash Money Records Inc.,5:07,15-Nov-11,247
The Legend Of Zelda ( Electrixx Remix ),Zedd,The Legend Of Zelda - Single,"Dance , Music",$ 0.99,"2011 Bazooka , a division of zooland Music GmbH",6:09,27-May-11,248
Who s That Chick ? ( feat . Rihanna ) [ Instrumental ],David Guetta,Who s That Chick ( feat . Rihanna ) - EP,"Rock , Music , Dance , House , Electronic",$ 0.99,2010 Gum Prod licence exclusive Parlophone Music France,3:18,7-Jan-11,249
Something Great,One Direction,Midnight Memories ( Deluxe Edition ),"Pop , Music , Rock , Teen Pop , Pop/Rock , Dance",$ 1.29,‰ ãÑ 2013 Simco Limited under exclusive license to Sony Music Entertainment UK Limited,3:56,25-Nov-13,250
