idx	text_left	text_right	label
0	toulouse b peachtree rd. atlanta 404/351 -9533 french 92	white house restaurant 3172 peachtree rd. ne atlanta 404-237-7601 diners 719	0
1	gallagher's 228 w. 52nd st. new york 212/245 -5336 american 254	la grenouille 3 e. 52nd st. new york 212-752-1495 french ( classic ) 623	0
2	center stage plaza hotel 1 main st. las vegas 702/386 -2512 american 436	chinois on main 2709 main st. santa monica 310-392-9025 pacific new wave 5	0
3	sa tsu ki 3043 buford hwy . atlanta 404/325 -5285 asian 415	havana sandwich shop 2905 buford hwy . atlanta 404-636-4094 cuban 695	0
4	pinot bistro 12969 ventura blvd. los angeles 818/990 -0500 french 18	mulberry st. 17040 ventura blvd. encino 818-906-8881 pizza 580	0
5	china grill 60 w. 53rd st. new york 212/333 -7788 american 219	seryna 11 e. 53rd st. new york 212-980-9393 japanese 59	0
6	lespinasse 2 e. 55th st. new york 212/339 -6719 american 43	la caravelle 33 w. 55th st. new york 212-586-4252 french ( classic ) 39	0
7	tang pavillion 65 w. 55th st. new york 212/956 -6888 asian 356	menchanko-tei 39 w. 55th st. new york 212-247-1585 japanese 627	0
8	aquavit 13 w. 54th st. new york 212/307 -7311 continental 24	oceana 55 e. 54th st. new york 212-759-5941 seafood 50	0
9	abbey 163 ponce de leon ave. atlanta 404/876 -8532 international 379	eats 600 ponce de leon ave. atlanta 404-888-9149 italian 690	0
10	fifty seven fifty seven 57 e. 57th st. new york 212/758 -5757 american 239	oceana 55 e. 54th st. new york 212-759-5941 seafood 50	0
11	grand cafe hotel monaco 501 geary st. san francisco 415/292 -0101 american 473	mel's drive-in 3355 geary st. san francisco 415-387-2244 hamburgers 739	0
12	horseradish grill 4320 powers ferry rd. atlanta 404/255 -7277 southern 398	carey's corner 1215 powers ferry rd. marietta 770-933-0909 hamburgers 686	0
13	luna si 1931 peachtree rd. atlanta 404/355 -5993 continental 405	original pancake house ( at ) 4330 peachtree rd. atlanta 404-237-4116 american 708	0
14	bruno 240 e. 58th st. new york 212/688 -4190 italian 195	les celebrites 155 w. 58th st. new york 212-484-5113 french ( classic ) 42	0
15	eclipse 8800 melrose ave. los angeles 310/724 -5959 californian 132	mo better meatty meat 7261 melrose ave. la 213-935-5280 hamburgers 579	0
16	pacific dining car 6th st. los angeles 213/483 -6000 american 153	andre's french restaurant 401 s. 6th st. las vegas 702-385-5016 french ( classic ) 656	0
17	rainbow room 30 rockefeller plaza new york 212/632 -5000 or 212/632 -5100 american 55	rainbow room 30 rockefeller plaza new york 212-632-5000 american ( new ) 55	1
18	cafe claude 7 claude la . san francisco 415/392 -3505 french 97	cafe claude 7 claude ln . san francisco 415-392-3505 french bistro 97	1
19	yolie's 3900 paradise rd. las vegas 702/794 -0700 steak houses 452	nicky blair's 3925 paradise rd. las vegas 702-792-9900 italian 668	0
20	heera of india 595 piedmont ave. rio shopping mall atlanta 404/876 -4408 asian 83	rose of india 308 e. sixth st. new york 212-533-5011 indian 638	0
21	l \  osteria del forno 519 columbus ave. san francisco 415/982 -1124 italian 490	campo santo 240 columbus ave. san francisco 415-433-9623 mexican 724	0
22	bertolini's 3570 las vegas blvd. s las vegas 702/735 -4663 italian 427	moongate 3400 las vegas blvd. s. las vegas 702-791-7352 chinese 666	0
23	maykadeh 470 green st. san francisco 415/362 -8286 greek and middle eastern 495	greenwood's 1087 green st. roswell 770-992-5383 southern/soul 693	0
24	dawat 210 e. 58th st. new york 212/355 -7555 asian 32	petrossian 182 w. 58th st. new york 212-245-2214 russian 52	0
25	the bacchanal 3570 las vegas blvd. s las vegas 702/731 -7525 only in las vegas 449	steak house the 2880 las vegas blvd. s. las vegas 702-734-0410 steakhouses 72	0
26	posto 14928 ventura blvd. sherman oaks 818/784 -4400 italian 156	rubin's red hots 15322 ventura blvd. encino 818-905-6515 hot dogs 590	0
27	antonio's 3700 w. flamingo las vegas 702/252 -7737 italian 423	buzio's in the rio 3700 w. flamingo rd. las vegas 702-252-7697 seafood 658	0
28	ruth's chris 148 w. 51st st. new york 212/245 -9600 american 338	le bernardin 155 w. 51st st. new york 212-489-1515 seafood 41	0
29	tommy tang's 7313 melrose ave. los angeles 213/937 -5733 asian 167	patina 5955 melrose ave. los angeles 213-467-1108 californian 16	0
30	circus circus 2880 las vegas blvd. s las vegas 702/734 -0410 buffets 437	sterling brunch 3645 las vegas blvd. s. las vegas 702-739-4651 eclectic 673	0
31	l \  orangerie 903 n. la cienega blvd. los angeles 310/652 -9770 french 11	matsuhisa 129 n. la cienega blvd. beverly hills 310-659-9639 seafood 14	0
32	vong 200 e. 54th st. new york 212/486 -9592 american 373	sparks steak house 210 e. 46th st. new york 212-687-4855 steakhouses 641	0
33	margarita's mexican cantina 3120 las vegas blvd. s las vegas 702/794 -8200 mexican 444	steak house the 2880 las vegas blvd. s. las vegas 702-734-0410 steakhouses 72	0
34	dining room ritz-carlton buckhead 3434 peachtree rd. atlanta 404/237 -2700 international 90	palm the ( atlanta ) 3391 peachtree rd. ne atlanta 404-814-1955 steakhouses 709	0
35	dante's down the hatch buckhead 3380 peachtree rd. atlanta 404/266 -1600 continental 393	abruzzi 2355 peachtree rd. ne atlanta 404-261-8186 italian 74	0
36	helmand 430 broadway san francisco 415/362 -0641 greek and middle eastern 479	la caridad 2199 broadway new york 212-874-2780 cuban 622	0
37	ralph's diner 3000 las vegas blvd. s las vegas 702/732 -6330 coffee shops/diners 448	tre visi 3799 las vegas blvd. s. las vegas 702-891-7331 italian 674	0
38	yoyo tsumami bistro 1611 post st. san francisco 415/922 -7788 french 530	postrio 545 post st. san francisco 415-776-7825 californian 109	0
39	seryna 11 e. 53rd st. new york 212/980 -9393 asian 59	seryna 11 e. 53rd st. new york 212-980-9393 japanese 59	1
40	luna si 1931 peachtree rd. atlanta 404/355 -5993 continental 405	brookhaven cafe 4274 peachtree rd. atlanta 404-231-5907 vegetarian 682	0
41	mikado 3400 las vegas blvd. s las vegas 702/791 -7111 asian 446	monte carlo 3145 las vegas blvd. s. las vegas 702-733-4524 french ( new ) 665	0
42	bistro 3400 las vegas blvd. s las vegas 702/791 -7111 continental 429	moongate 3400 las vegas blvd. s. las vegas 702-791-7352 chinese 666	0
43	cafe fes 246 w. 4th st. at charles st. new york 212/924 -7653 mediterranean 205	cafe flore 2298 market st. san francisco 415-621-8579 californian 722	0
44	mikado 3400 las vegas blvd. s las vegas 702/791 -7111 asian 446	sterling brunch 3645 las vegas blvd. s. las vegas 702-739-4651 eclectic 673	0
45	pinot bistro 12969 ventura blvd. los angeles 818/990 -0500 french 18	rubin's red hots 15322 ventura blvd. encino 818-905-6515 hot dogs 590	0
46	masa's 648 bush st. san francisco 415/989 -7154 french 106	masa's 648 bush st. san francisco 415-989-7154 french ( new ) 106	1
47	em press court 3570 las vegas blvd. s las vegas 702/731 -7888 asian 438	spago ( las vegas ) 3500 las vegas blvd. s. las vegas 702-369-6300 californian 670	0
48	mesa grill 102 5th ave. between 15th and 16th sts . new york 212/807 -7400 american 47	mesa grill 102 fifth ave. new york 212-807-7400 southwestern 47	1
49	chin's 3200 las vegas blvd. s las vegas 702/733 -8899 asian 67	michael's ( las vegas ) 3595 las vegas blvd. s. las vegas 702-737-7111 continental 664	0
50	patina 5955 melrose ave. los angeles 213/467 -1108 californian 16	mo better meatty meat 7261 melrose ave. la 213-935-5280 hamburgers 579	0
51	triangolo 345 e. 83rd st. new york 212/472 -4488 italian 363	cafe lalo 201 w. 83rd st. new york 212-496-6031 coffeehouses 26	0
52	gilliland's 2424 main st. santa monica 310/392 -3901 american 135	chinois on main 2709 main st. santa monica 310-392-9025 pacific new wave 5	0
53	nikolai's roof 255 courtland st. at harris st. atlanta 404/221 -6362 continental 87	nikolai's roof 255 courtland st. atlanta 404-221-6362 continental 87	1
54	dawat 210 e. 58th st. new york 212/355 -7555 asian 32	sparks steak house 210 e. 46th st. new york 212-687-4855 steakhouses 641	0
55	le bernardin 155 w. 51st st. new york 212/489 -1515 french 41	le bernardin 155 w. 51st st. new york 212-489-1515 seafood 41	1
56	faz 161 sutter st. san francisco 415/362 -0404 greek and middle eastern 469	fleur de lys 777 sutter st. san francisco 415-673-7779 french ( new ) 100	0
57	veni vidi vici 41 14th st. atlanta 404/875 -8424 italian 93	bobby & june's kountry kitchen 375 14th st. atlanta 404-876-3872 southern/soul 680	0
58	mikado 3400 las vegas blvd. s las vegas 702/791 -7111 asian 446	spago ( las vegas ) 3500 las vegas blvd. s. las vegas 702-369-6300 californian 670	0
59	cite 120 w. 51st st. new york 212/956 -7100 french 220	le bernardin 155 w. 51st st. new york 212-489-1515 seafood 41	0
60	oceana 55 e. 54th st. new york 212/759 -5941 seafood 50	oceana 55 e. 54th st. new york 212-759-5941 seafood 50	1
61	toulouse b peachtree rd. atlanta 404/351 -9533 french 92	original pancake house ( at ) 4330 peachtree rd. atlanta 404-237-4116 american 708	0
62	cafe roma 3570 las vegas blvd. s las vegas 702/731 -7547 coffee shops/diners 433	steak house the 2880 las vegas blvd. s. las vegas 702-734-0410 steakhouses 72	0
63	manora 3226 mission st. san francisco 415/861 -6224 asian 494	boulevard 1 mission st. san francisco 415-543-6084 american ( new ) 96	0
64	canter's 419 n. fairfax ave. los angeles 213/651 -2030 . american 122	carey's 1021 cobb pkwy . se marietta 770-422-8042 hamburgers 685	0
65	hong kong villa 2332 clement st. san francisco 415/752 -8833 asian 481	alain rondelli 126 clement st. san francisco 415-387-0408 french ( new ) 94	0
66	mikado 3400 las vegas blvd. s las vegas 702/791 -7111 asian 446	coyote cafe ( las vegas ) 3799 las vegas blvd. s. las vegas 702-891-7349 southwestern 68	0
67	bertolini's 3570 las vegas blvd. s las vegas 702/735 -4663 italian 427	sterling brunch 3645 las vegas blvd. s. las vegas 702-739-4651 eclectic 673	0
68	helmand 430 broadway san francisco 415/362 -0641 greek and middle eastern 479	gray's papaya 2090 broadway new york 212-799-0243 hot dogs 614	0
69	cafe roma 3570 las vegas blvd. s las vegas 702/731 -7547 coffee shops/diners 433	moongate 3400 las vegas blvd. s. las vegas 702-791-7352 chinese 666	0
70	jack's 615 sacramento st. san francisco 415/986 -9854 old san francisco 485	joe's 1023 abbot kinney blvd. venice 310-399-5811 american ( new ) 560	0
71	dining room ritz-carlton buckhead 3434 peachtree rd. atlanta 404/237 -2700 international 90	original pancake house ( at ) 4330 peachtree rd. atlanta 404-237-4116 american 708	0
72	lutece 249 e. 50th st. new york 212/752 -2225 french 44	lespinasse ( new york ) 2 e. 55th st. new york 212-339-6719 asian 43	0
73	em press court 3570 las vegas blvd. s las vegas 702/731 -7888 asian 438	madame ching's 3300 las vegas blvd. s. las vegas 702-894-7111 asian 662	0
74	mary mac's tea room 224 ponce de leon ave. atlanta 404/876 -1800 southern 86	tortillas 774 ponce de leon ave. ne atlanta 404-892-0193 tex-mex 716	0
75	valentino 3115 pico blvd. santa monica 310/829 -4313 italian 21	rae's 2901 pico blvd. santa monica 310-828-7937 diners 589	0
76	lulu 816 folsom st. san francisco 415/495 -5775 mediterranean 105	hamburger mary's 1582 folsom st. san francisco 415-626-1985 hamburgers 732	0
77	tomtom 3393 peachtree rd. atlanta 404/264 -1163 continental 422	white house restaurant 3172 peachtree rd. ne atlanta 404-237-7601 diners 719	0
78	broadway deli 3rd st. promenade santa monica 310/451 -0616 american 117	benita's frites 1433 third st. promenade santa monica 310-458-2889 fast food 538	0
79	bistro 3400 las vegas blvd. s las vegas 702/791 -7111 continental 429	em eril's new orleans fish house 3799 las vegas blvd. s. las vegas 702-891-7374 seafood 659	0
80	pano's and paul's 1232 w. paces ferry rd. atlanta 404/261 -3662 international 88	canoe 4199 paces ferry rd. atlanta 770-432-2663 american ( new ) 684	0
81	tomtom 3393 peachtree rd. atlanta 404/264 -1163 continental 422	ritz-carlton dining room ( buckhead ) 3434 peachtree rd. ne atlanta 404-237-2700 american ( new ) 90	0
82	vong 200 e. 54th st. new york 212/486 -9592 american 373	second street grill 200 e. fremont st. las vegas 702-385-6277 pacific rim 71	0
83	hedgerose heights inn 490 e. paces ferry rd. atlanta 404/233 -7673 international 82	pano's & paul's 1232 w. paces ferry rd. atlanta 404-261-3662 american ( new ) 88	0
84	ritz-carlton restaurant and dining room 600 stockton st. san francisco 415/296 -7465 american 110	ritz-carlton restaurant 181 peachtree st. atlanta 404-659-0400 french ( classic ) 91	0
85	cafe roma 3570 las vegas blvd. s las vegas 702/731 -7547 coffee shops/diners 433	morton's of chicago ( las vegas ) 3200 las vegas blvd. s. las vegas 702-893-0703 steakhouses 667	0
86	fleur de jour 348 e. 62nd st. new york 212/355 -2020 coffee bar 245	fleur de lys 777 sutter st. san francisco 415-673-7779 french ( new ) 100	0
87	dix et sept 181 w. 10th st. new york 212/645 -8023 french 228	petrossian 182 w. 58th st. new york 212-245-2214 russian 52	0
88	jimmy's 201 moreno dr. los angeles 310/552 -2394 continental 142	tommy's 2575 beverly blvd. la 213-389-9060 hamburgers 598	0
89	petrossian 182 w. 58th st. new york 212/245 -2214 french 52	les celebrites 155 w. 58th st. new york 212-484-5113 french ( classic ) 42	0
90	aqua 252 california st. san francisco 415/956 -9662 seafood 95	em erald garden restaurant 1550 california st. san francisco 415-673-1155 vietnamese 730	0
91	eclipse 8800 melrose ave. los angeles 310/724 -5959 californian 132	sweet lady jane 8360 melrose ave. la 213-653-7145 desserts 596	0
92	dining room ritz-carlton buckhead 3434 peachtree rd. atlanta 404/237 -2700 international 90	la grotta 2637 peachtree rd. ne atlanta 404-231-1368 italian 85	0
93	victor's cafe 52 236 w. 52nd st. new york 212/586 -7714 latin american 371	21 club 21 w. 52nd st. new york 212-582-7200 american ( new ) 23	0
94	steak house 2880 las vegas blvd. s las vegas 702/734 -0410 steak houses 72	spago ( las vegas ) 3500 las vegas blvd. s. las vegas 702-369-6300 californian 670	0
95	valentino 3115 pico blvd. santa monica 310/829 -4313 italian 21	valentino 3115 pico blvd. santa monica 310-829-4313 italian 21	1
96	sarabeth's kitchen 423 amsterdam ave. between 80th and 81st sts . new york 212/496 -6280 american 344	sarabeth's 1295 madison ave. new york 212-410-7335 american 640	0
97	river cafe 1 water st. at the east river brooklyn 718/522 -5200 american 56	river cafe 1 water st. brooklyn 718-522-5200 american ( new ) 56	1
98	la grotta 2637 peachtree rd. . peachtree house condominium atlanta 404/231 -1368 italian 85	la grotta 2637 peachtree rd. ne atlanta 404-231-1368 italian 85	1
99	bistro 3400 las vegas blvd. s las vegas 702/791 -7111 continental 429	steak house the 2880 las vegas blvd. s. las vegas 702-734-0410 steakhouses 72	0
100	ralph's diner 3000 las vegas blvd. s las vegas 702/732 -6330 coffee shops/diners 448	spago ( las vegas ) 3500 las vegas blvd. s. las vegas 702-369-6300 californian 670	0
101	em press court 3570 las vegas blvd. s las vegas 702/731 -7888 asian 438	steak house the 2880 las vegas blvd. s. las vegas 702-734-0410 steakhouses 72	0
102	cafe bizou 14016 ventura blvd. sherman oaks 818/788 -3536 french 3	art's deli 12224 ventura blvd. studio 818-762-1221 delis 1	0
103	union square cafe 21 e. 16th st. new york 212/243 -4020 american 65	union square cafe 21 e. 16th st. new york 212-243-4020 american ( new ) 65	1
104	taste of new orleans 889 w. peachtree st. atlanta 404/874 -5535 southern 421	ritz-carlton restaurant 181 peachtree st. atlanta 404-659-0400 french ( classic ) 91	0
105	taste of new orleans 889 w. peachtree st. atlanta 404/874 -5535 southern 421	alon's at the terrace 659 peachtree st. atlanta 404-724-0444 sandwiches 676	0
106	mikado 3400 las vegas blvd. s las vegas 702/791 -7111 asian 446	morton's of chicago ( las vegas ) 3200 las vegas blvd. s. las vegas 702-893-0703 steakhouses 667	0
107	chin's 3200 las vegas blvd. s las vegas 702/733 -8899 asian 67	coyote cafe ( las vegas ) 3799 las vegas blvd. s. las vegas 702-891-7349 southwestern 68	0
108	l \  orangerie 903 n. la cienega blvd. los angeles 310/652 -9770 french 11	arnie morton's of chicago 435 s. la cienega blvd. los angeles 310-246-1501 steakhouses 0	0
109	coyote cafe 3799 las vegas blvd. s las vegas 702/891 -7349 southwestern 68	steak house the 2880 las vegas blvd. s. las vegas 702-734-0410 steakhouses 72	0
110	bally's big kitchen 3645 las vegas blvd. s las vegas 702/739 -4111 buffets 424	sterling brunch 3645 las vegas blvd. s. las vegas 702-739-4651 eclectic 673	0
111	em press court 3570 las vegas blvd. s las vegas 702/731 -7888 asian 438	michael's ( las vegas ) 3595 las vegas blvd. s. las vegas 702-737-7111 continental 664	0
112	posto 14928 ventura blvd. sherman oaks 818/784 -4400 italian 156	cafe bizou 14016 ventura blvd. sherman oaks 818-788-3536 french bistro 3	0
113	island spice 402 w. 44th st. new york 212/765 -1737 tel caribbean 37	virgil's real bbq 152 w. 44th st. new york 212-921-9494 bbq 66	0
114	beesley's of buckhead 260 e. paces ferry road atlanta 404/264 -1334 continental 384	riviera 519 e. paces ferry rd. atlanta 404-262-7112 mediterranean 712	0
115	petrossian 182 w. 58th st. new york 212/245 -2214 french 52	march 405 e. 58th st. new york 212-754-6272 american ( new ) 46	0
116	march 405 e. 58th st. new york 212/754 -6272 american 46	wollensky's grill 205 e. 49th st. new york 212-753-0444 steakhouses 653	0
117	tomtom 3393 peachtree rd. atlanta 404/264 -1163 continental 422	palm the ( atlanta ) 3391 peachtree rd. ne atlanta 404-814-1955 steakhouses 709	0
118	joss 9255 sunset blvd. los angeles 310/276 -1886 asian 143	duke's 8909 sunset blvd. w. hollywood 310-652-3100 coffee shops 551	0
119	bistro 3400 las vegas blvd. s las vegas 702/791 -7111 continental 429	buccaneer bay club 3300 las vegas blvd. s. las vegas 702-894-7350 continental 657	0
120	rose pistola 532 columbus ave. san francisco 415/399 -0499 italian 111	caffe greco 423 columbus ave. san francisco 415-397-6261 continental 723	0
121	patina 5955 melrose ave. los angeles 213/467 -1108 californian 16	le chardonnay ( los angeles ) 8284 melrose ave. los angeles 213-655-8880 french bistro 12	0
122	bertolini's 3570 las vegas blvd. s las vegas 702/735 -4663 italian 427	michael's ( las vegas ) 3595 las vegas blvd. s. las vegas 702-737-7111 continental 664	0
123	tang pavillion 65 w. 55th st. new york 212/956 -6888 asian 356	la cote basque 60 w. 55th st. new york 212-688-6525 french ( classic ) 40	0
124	coyote cafe 3799 las vegas blvd. s las vegas 702/891 -7349 southwestern 68	chin's 3200 las vegas blvd. s. las vegas 702-733-8899 chinese 67	0
125	dante's down the hatch buckhead 3380 peachtree rd. atlanta 404/266 -1600 continental 393	brookhaven cafe 4274 peachtree rd. atlanta 404-231-5907 vegetarian 682	0
126	water club 500 e. 30th st. new york 212/683 -3333 american 374	lutece 249 e. 50th st. new york 212-752-2225 french ( classic ) 44	0
127	cafe roma 3570 las vegas blvd. s las vegas 702/731 -7547 coffee shops/diners 433	madame ching's 3300 las vegas blvd. s. las vegas 702-894-7111 asian 662	0
128	bone's 3130 piedmont road atlanta 404/237 -2663 american 76	soto 3330 piedmont rd. atlanta 404-233-2005 japanese 714	0
129	l \  absinthe 227 e. 67th st. new york 212/794 -4950 french 277	cafe des artistes 1 w. 67th st. new york 212-877-3500 french ( classic ) 27	0
130	luna si 1931 peachtree rd. atlanta 404/355 -5993 continental 405	white house restaurant 3172 peachtree rd. ne atlanta 404-237-7601 diners 719	0
131	bruno 240 e. 58th st. new york 212/688 -4190 italian 195	march 405 e. 58th st. new york 212-754-6272 american ( new ) 46	0
132	carnival world 3700 w. flamingo rd. las vegas 702/252 -7777 buffets 435	till erman the 2245 e. flamingo rd. las vegas 702-731-4036 steakhouses 73	0
133	cafe bianco 1486 2nd ave. between 77th and 78th sts . new york 212/988 -2655 coffee bar 199	cafe blanc 9777 little santa monica blvd. beverly hills 310-888-0108 pacific new wave 546	0
134	palace court 3570 las vegas blvd. s las vegas 702/731 -7547 continental 70	moongate 3400 las vegas blvd. s. las vegas 702-791-7352 chinese 666	0
135	dante's down the hatch buckhead 3380 peachtree rd. atlanta 404/266 -1600 continental 393	ritz-carlton dining room ( buckhead ) 3434 peachtree rd. ne atlanta 404-237-2700 american ( new ) 90	0
136	bugsy's diner 3555 las vegas blvd. s las vegas 702/733 -3111 coffee shops/diners 431	em eril's new orleans fish house 3799 las vegas blvd. s. las vegas 702-891-7374 seafood 659	0
137	bolo 23 e. 22nd st. new york 212/228 -2200 mediterranean 191	la grenouille 3 e. 52nd st. new york 212-752-1495 french ( classic ) 623	0
138	cafe roma 3570 las vegas blvd. s las vegas 702/731 -7547 coffee shops/diners 433	palace court 3570 las vegas blvd. s. las vegas 702-731-7110 french ( new ) 70	0
139	felidia 243 e. 58th st. new york 212/758 -1479 italian 33	march 405 e. 58th st. new york 212-754-6272 american ( new ) 46	0
140	tomtom 3393 peachtree rd. atlanta 404/264 -1163 continental 422	toulouse 293-b peachtree rd. atlanta 404-351-9533 french ( new ) 92	0
141	hard rock cafe 221 w. 57th st. new york 212/489 -6565 american 261	edison cafe 228 w. 47th st. new york 212-840-5000 diners 611	0
142	dining room ritz-carlton buckhead 3434 peachtree rd. atlanta 404/237 -2700 international 90	ritz-carlton dining room ( buckhead ) 3434 peachtree rd. ne atlanta 404-237-2700 american ( new ) 90	1
143	smith & wollensky 201 e. 49th st. new york 212/753 -1530 american 62	smith & wollensky 797 third ave. new york 212-753-1530 steakhouses 62	1
144	matthew's 1030 3rd ave. at 61st st. new york 212/838 -4343 american 305	masa's 648 bush st. san francisco 415-989-7154 french ( new ) 106	0
145	border grill 4th st. los angeles 310/451 -1655 mexican 116	roosevelt tamale parlor 2817 24th st. san francisco 415-550-9213 mexican 742	0
146	cafe ritz-carlton buckhead 3434 peachtree rd. atlanta 404/237 -2700 ext 6108 international 89	la grotta 2637 peachtree rd. ne atlanta 404-231-1368 italian 85	0
147	vivande porta via 2125 fillmore st. san francisco 415/346 -4430 italian 524	plumpjack cafe 3127 fillmore st. san francisco 415-563-4755 american ( new ) 108	0
148	pisces 95 ave. a at 6th st. new york 212/260 -6660 seafood 54	pisces 95 ave. a new york 212-260-6660 seafood 54	1
149	le chardonnay 8284 melrose ave. los angeles 213/655 -8880 french 12	citrus 6703 melrose ave. los angeles 213-857-0034 californian 6	0
150	bruno 240 e. 58th st. new york 212/688 -4190 italian 195	lutece 249 e. 50th st. new york 212-752-2225 french ( classic ) 44	0
151	march 405 e. 58th st. new york 212/754 -6272 american 46	shun lee palace 155 e. 55th st. new york 212-371-8844 chinese 60	0
152	toulouse b peachtree rd. atlanta 404/351 -9533 french 92	abruzzi 2355 peachtree rd. ne atlanta 404-261-8186 italian 74	0
153	yolie's 3900 paradise rd. las vegas 702/794 -0700 steak houses 452	le montrachet bistro 3000 paradise rd. las vegas 702-732-5651 french bistro 69	0
154	chin's 3200 las vegas blvd. s las vegas 702/733 -8899 asian 67	madame ching's 3300 las vegas blvd. s. las vegas 702-894-7111 asian 662	0
155	granita 23725 w. malibu rd. malibu 310/456 -0488 californian 8	granita 23725 w. malibu rd. malibu 310-456-0488 californian 8	1
156	l \  orangerie 903 n. la cienega blvd. los angeles 310/652 -9770 french 11	l \  orangerie 903 n. la cienega blvd. w. hollywood 310-652-9770 french ( classic ) 11	1
157	georgia grille 2290 peachtree rd. . peachtree square shopping center atlanta 404/352 -3517 american 81	georgia grille 2290 peachtree rd. atlanta 404-352-3517 southwestern 81	1
158	camille's 1186 n. highland ave. atlanta 404/872 -7203 italian 388	uncle bill's pancake house 1305 highland ave. manhattan beach 310-545-5177 diners 599	0
159	antonio's 3700 w. flamingo las vegas 702/252 -7737 italian 423	fiore rotisserie & grille 3700 w. flamingo rd. las vegas 702-252-7702 italian 660	0
160	bistango 1100 peachtree st. atlanta 404/724 -0901 mediterranean 386	ritz-carlton restaurant 181 peachtree st. atlanta 404-659-0400 french ( classic ) 91	0
161	cafe roma 3570 las vegas blvd. s las vegas 702/731 -7547 coffee shops/diners 433	chin's 3200 las vegas blvd. s. las vegas 702-733-8899 chinese 67	0
162	ralph's diner 3000 las vegas blvd. s las vegas 702/732 -6330 coffee shops/diners 448	michael's ( las vegas ) 3595 las vegas blvd. s. las vegas 702-737-7111 continental 664	0
163	helmand 430 broadway san francisco 415/362 -0641 greek and middle eastern 479	carmine's 2450 broadway new york 212-362-2200 italian 28	0
164	mikado 3400 las vegas blvd. s las vegas 702/791 -7111 asian 446	michael's ( las vegas ) 3595 las vegas blvd. s. las vegas 702-737-7111 continental 664	0
165	lulu 816 folsom st. san francisco 415/495 -5775 mediterranean 105	lulu restaurant-bis-cafe 816 folsom st. san francisco 415-495-5775 mediterranean 105	1
166	the bacchanal 3570 las vegas blvd. s las vegas 702/731 -7525 only in las vegas 449	buccaneer bay club 3300 las vegas blvd. s. las vegas 702-894-7350 continental 657	0
167	le marais 150 w. 46th st. new york 212/869 -0900 american 290	virgil's real bbq 152 w. 44th st. new york 212-921-9494 bbq 66	0
168	le chantilly 106 e. 57th st. new york 212/751 -2931 french 285	yama 122 e. 17th st. new york 212-475-0969 japanese 654	0
169	pano's and paul's 1232 w. paces ferry rd. atlanta 404/261 -3662 international 88	103 west 103 w. paces ferry rd. atlanta 404-233-5993 continental 675	0
170	ralph's diner 3000 las vegas blvd. s las vegas 702/732 -6330 coffee shops/diners 448	sterling brunch 3645 las vegas blvd. s. las vegas 702-739-4651 eclectic 673	0
171	tadich grill 240 california st. san francisco 415/391 -2373 seafood 519	aqua 252 california st. san francisco 415-956-9662 american ( new ) 95	0
172	sanppo 1702 post st. san francisco 415/346 -3486 asian 510	postrio 545 post st. san francisco 415-776-7825 californian 109	0
173	restaurant katsu 1972 n. hillhurst ave. los angeles 213/665 -1891 asian 10	katsu 1972 hillhurst ave. los feliz 213-665-1891 japanese 10	1
174	petrossian 182 w. 58th st. new york 212/245 -2214 french 52	felidia 243 e. 58th st. new york 212-758-1479 italian 33	0
175	zuni cafe & grill 1658 market st. san francisco 415/552 -2522 mediterranean 532	cafe flore 2298 market st. san francisco 415-621-8579 californian 722	0
176	la folie 2316 polk st. san francisco 415/776 -5577 french 104	swan oyster depot 1517 polk st. san francisco 415-673-1101 seafood 746	0
177	bistro 3400 las vegas blvd. s las vegas 702/791 -7111 continental 429	michael's ( las vegas ) 3595 las vegas blvd. s. las vegas 702-737-7111 continental 664	0
178	virgil's 152 w. 44th st. new york 212 / 921-9494 american 66	les celebrites 155 w. 58th st. new york 212-484-5113 french ( classic ) 42	0
179	virgil's 152 w. 44th st. new york 212 / 921-9494 american 66	petrossian 182 w. 58th st. new york 212-245-2214 russian 52	0
180	abbey 163 ponce de leon ave. atlanta 404/876 -8532 international 379	tortillas 774 ponce de leon ave. ne atlanta 404-892-0193 tex-mex 716	0
181	restaurant ritz-carlton atlanta 181 peachtree st. atlanta 404/659 -0400 continental 91	morton's of chicago ( atlanta ) 303 peachtree st. ne atlanta 404-577-4366 steakhouses 704	0
182	bertolini's 3570 las vegas blvd. s las vegas 702/735 -4663 italian 427	tre visi 3799 las vegas blvd. s. las vegas 702-891-7331 italian 674	0
183	mon kee seafood restaurant 679 n. spring st. los angeles 213/628 -6717 asian 147	lombardi's 32 spring st. new york 212-941-7994 pizza 625	0
184	lespinasse 2 e. 55th st. new york 212/339 -6719 american 43	felidia 243 e. 58th st. new york 212-758-1479 italian 33	0
185	posto 14928 ventura blvd. sherman oaks 818/784 -4400 italian 156	art's deli 12224 ventura blvd. studio 818-762-1221 delis 1	0
186	toulouse b peachtree rd. atlanta 404/351 -9533 french 92	ritz-carlton cafe ( buckhead ) 3434 peachtree rd. ne atlanta 404-237-2700 american ( new ) 89	0
187	bone's 3130 piedmont road atlanta 404/237 -2663 american 76	rae's 2901 pico blvd. santa monica 310-828-7937 diners 589	0
188	the palm 9001 santa monica blvd. los angeles 310/550 -8811 american 15	la cachette 10506 little santa monica blvd. century 310-470-4992 french ( new ) 568	0
189	le perigord 405 e. 52nd st. new york 212/755 -6244 french 291	four seasons 99 e. 52nd st. new york 212-754-9494 american ( new ) 34	0
190	aquavit 13 w. 54th st. new york 212/307 -7311 continental 24	aquavit 13 w. 54th st. new york 212-307-7311 scandinavian 24	1
191	bistro 3400 las vegas blvd. s las vegas 702/791 -7111 continental 429	coyote cafe ( las vegas ) 3799 las vegas blvd. s. las vegas 702-891-7349 southwestern 68	0
192	pinot bistro 12969 ventura blvd. los angeles 818/990 -0500 french 18	sushi nozawa 11288 ventura blvd. studio 818-508-7017 japanese 595	0
193	carnival world 3700 w. flamingo rd. las vegas 702/252 -7777 buffets 435	buzio's in the rio 3700 w. flamingo rd. las vegas 702-252-7697 seafood 658	0
194	fenix 8358 sunset blvd. west hollywood 213/848 -6677 american 7	fenix at the argyle 8358 sunset blvd. w. hollywood 213-848-6677 french ( new ) 7	1
195	yolie's 3900 paradise rd. las vegas 702/794 -0700 steak houses 452	rae's 2901 pico blvd. santa monica 310-828-7937 diners 589	0
196	luna si 1931 peachtree rd. atlanta 404/355 -5993 continental 405	palm the ( atlanta ) 3391 peachtree rd. ne atlanta 404-814-1955 steakhouses 709	0
197	la reserve 4 w. 49th st. new york 212/247 -2993 french 281	wollensky's grill 205 e. 49th st. new york 212-753-0444 steakhouses 653	0
198	le colonial 149 e. 57th st. new york 212 / 752-0808 asian 286	shun lee palace 155 e. 55th st. new york 212-371-8844 chinese 60	0
199	pinot bistro 12969 ventura blvd. los angeles 818/990 -0500 french 18	cafe bizou 14016 ventura blvd. sherman oaks 818-788-3536 french bistro 3	0
200	gallagher's 228 w. 52nd st. new york 212/245 -5336 american 254	edison cafe 228 w. 47th st. new york 212-840-5000 diners 611	0
201	le marais 150 w. 46th st. new york 212/869 -0900 american 290	les celebrites 155 w. 58th st. new york 212-484-5113 french ( classic ) 42	0
202	margarita's mexican cantina 3120 las vegas blvd. s las vegas 702/794 -8200 mexican 444	tre visi 3799 las vegas blvd. s. las vegas 702-891-7331 italian 674	0
203	border grill 4th st. los angeles 310/451 -1655 mexican 116	water grill 544 s. grand ave. los angeles 213-891-0900 seafood 600	0
204	em press court 3570 las vegas blvd. s las vegas 702/731 -7888 asian 438	moongate 3400 las vegas blvd. s. las vegas 702-791-7352 chinese 666	0
205	cafe michelle 1350 e. flamingo rd. las vegas 702/735 -8686 american 432	buzio's in the rio 3700 w. flamingo rd. las vegas 702-252-7697 seafood 658	0
206	the bacchanal 3570 las vegas blvd. s las vegas 702/731 -7525 only in las vegas 449	em eril's new orleans fish house 3799 las vegas blvd. s. las vegas 702-891-7374 seafood 659	0
207	mikado 3400 las vegas blvd. s las vegas 702/791 -7111 asian 446	chin's 3200 las vegas blvd. s. las vegas 702-733-8899 chinese 67	0
208	steak house 2880 las vegas blvd. s las vegas 702/734 -0410 steak houses 72	steakhouse the 128 e. fremont st. las vegas 702-382-1600 steakhouses 671	0
209	rose pistola 532 columbus ave. san francisco 415/399 -0499 italian 111	rose pistola 532 columbus ave. san francisco 415-399-0499 italian 111	1
210	la cote basque 60 w. 55th st. between 5th and 6th ave. new york 212/688 -6525 french 40	la cote basque 60 w. 55th st. new york 212-688-6525 french ( classic ) 40	1
211	ernie's 2150 broadway between 75th and 76th sts . new york 212/496 -1588 american 234	joe's 1023 abbot kinney blvd. venice 310-399-5811 american ( new ) 560	0
212	le chardonnay 8284 melrose ave. los angeles 213/655 -8880 french 12	le chardonnay ( los angeles ) 8284 melrose ave. los angeles 213-655-8880 french bistro 12	1
213	kabuto sushi 5116 geary blvd. san francisco 415/752 -5652 asian 486	khan toke thai house 5937 geary blvd. san francisco 415-668-6654 thai 103	0
214	le perigord 405 e. 52nd st. new york 212/755 -6244 french 291	march 405 e. 58th st. new york 212-754-6272 american ( new ) 46	0
215	em press court 3570 las vegas blvd. s las vegas 702/731 -7888 asian 438	em eril's new orleans fish house 3799 las vegas blvd. s. las vegas 702-891-7374 seafood 659	0
216	manhattan ocean club 57 w. 58th st. new york 212 / 371-7777 seafood 45	petrossian 182 w. 58th st. new york 212-245-2214 russian 52	0
217	coyote cafe 3799 las vegas blvd. s las vegas 702/891 -7349 southwestern 68	moongate 3400 las vegas blvd. s. las vegas 702-791-7352 chinese 666	0
218	des alpes 732 broadway san francisco 415/788 -9900 french 468	peter luger steak house 178 broadway brooklyn 718-387-7400 steakhouses 637	0
219	lincoln tavern 51 w. 64th st. new york 212/721 -8271 american 294	cafe des artistes 1 w. 67th st. new york 212-877-3500 french ( classic ) 27	0
220	bertolini's 3570 las vegas blvd. s las vegas 702/735 -4663 italian 427	palace court 3570 las vegas blvd. s. las vegas 702-731-7110 french ( new ) 70	0
221	indigo coastal grill 1397 n. highland ave. atlanta 404/876 -0676 caribbean 84	uncle bill's pancake house 1305 highland ave. manhattan beach 310-545-5177 diners 599	0
222	dante's down the hatch buckhead 3380 peachtree rd. atlanta 404/266 -1600 continental 393	ritz-carlton cafe ( buckhead ) 3434 peachtree rd. ne atlanta 404-237-2700 american ( new ) 89	0
223	art's delicatessen 12224 ventura blvd. studio 818/762 -1221 american 1	pinot bistro 12969 ventura blvd. studio 818-990-0500 french bistro 18	0
224	cafe adriano 3347 fillmore st. san francisco 415/474 -4180 italian 461	trio cafe 1870 fillmore st. san francisco 415-563-2248 american 749	0
225	tomtom 3393 peachtree rd. atlanta 404/264 -1163 continental 422	georgia grille 2290 peachtree rd. atlanta 404-352-3517 southwestern 81	0
226	coyote cafe 3799 las vegas blvd. s las vegas 702/891 -7349 southwestern 68	tre visi 3799 las vegas blvd. s. las vegas 702-891-7331 italian 674	0
227	bone's 3130 piedmont road atlanta 404/237 -2663 american 76	duke's 8909 sunset blvd. w. hollywood 310-652-3100 coffee shops 551	0
228	gallagher's 228 w. 52nd st. new york 212/245 -5336 american 254	21 club 21 w. 52nd st. new york 212-582-7200 american ( new ) 23	0
229	mikado 3400 las vegas blvd. s las vegas 702/791 -7111 asian 446	em eril's new orleans fish house 3799 las vegas blvd. s. las vegas 702-891-7374 seafood 659	0
230	the palm 9001 santa monica blvd. los angeles 310/550 -8811 american 15	cafe blanc 9777 little santa monica blvd. beverly hills 310-888-0108 pacific new wave 546	0
231	restaurant ritz-carlton atlanta 181 peachtree st. atlanta 404/659 -0400 continental 91	ritz-carlton cafe ( atlanta ) 181 peachtree st. atlanta 404-659-0400 american ( new ) 711	0
232	brasserie le coze 3393 peachtree rd. . lenox square mall near neiman marcus atlanta 404/266 -1440 french 77	brasserie le coze 3393 peachtree rd. atlanta 404-266-1440 french bistro 77	1
233	margarita's mexican cantina 3120 las vegas blvd. s las vegas 702/794 -8200 mexican 444	sterling brunch 3645 las vegas blvd. s. las vegas 702-739-4651 eclectic 673	0
234	dawat 210 e. 58th st. new york 212/355 -7555 asian 32	lutece 249 e. 50th st. new york 212-752-2225 french ( classic ) 44	0
235	union square cafe 21 e. 16th st. new york 212/243 -4020 american 65	arcadia 21 e. 62nd st. new york 212-223-2900 american ( new ) 603	0
236	patina 5955 melrose ave. los angeles 213/467 -1108 californian 16	patina 5955 melrose ave. los angeles 213-467-1108 californian 16	1
237	restaurant ritz-carlton atlanta 181 peachtree st. atlanta 404/659 -0400 continental 91	alon's at the terrace 659 peachtree st. atlanta 404-724-0444 sandwiches 676	0
238	art's delicatessen 12224 ventura blvd. studio 818/762 -1221 american 1	cafe bizou 14016 ventura blvd. sherman oaks 818-788-3536 french bistro 3	0
239	dining room ritz-carlton buckhead 3434 peachtree rd. atlanta 404/237 -2700 international 90	nava 3060 peachtree rd. atlanta 404-240-1984 southwestern 706	0
240	chin's 3200 las vegas blvd. s las vegas 702/733 -8899 asian 67	sterling brunch 3645 las vegas blvd. s. las vegas 702-739-4651 eclectic 673	0
241	cafe roma 3570 las vegas blvd. s las vegas 702/731 -7547 coffee shops/diners 433	coyote cafe ( las vegas ) 3799 las vegas blvd. s. las vegas 702-891-7349 southwestern 68	0
242	palace court 3570 las vegas blvd. s las vegas 702/731 -7547 continental 70	monte carlo 3145 las vegas blvd. s. las vegas 702-733-4524 french ( new ) 665	0
243	21 club 21 w. 52nd st. new york 212/582 -7200 american 23	arcadia 21 e. 62nd st. new york 212-223-2900 american ( new ) 603	0
244	arnie morton's of chicago 435 s. la cienega blv . los angeles 310/246 -1501 american 0	morton's of chicago ( las vegas ) 3200 las vegas blvd. s. las vegas 702-893-0703 steakhouses 667	0
245	chiam 160 e. 48th st. new york 212/371 -2323 asian 218	dawat 210 e. 58th st. new york 212-355-7555 indian 32	0
246	tomtom 3393 peachtree rd. atlanta 404/264 -1163 continental 422	ritz-carlton cafe ( buckhead ) 3434 peachtree rd. ne atlanta 404-237-2700 american ( new ) 89	0
247	des alpes 732 broadway san francisco 415/788 -9900 french 468	pho hoa 642 broadway chinatown 213-626-5530 vietnamese 585	0
248	camille's 1186 n. highland ave. atlanta 404/872 -7203 italian 388	indigo coastal grill 1397 n. highland ave. atlanta 404-876-0676 eclectic 84	0
249	cafe adriano 3347 fillmore st. san francisco 415/474 -4180 italian 461	plumpjack cafe 3127 fillmore st. san francisco 415-563-4755 american ( new ) 108	0
250	cafe lalo 201 w. 83rd st. new york 212/496 -6031 coffee bar 26	cafe lalo 201 w. 83rd st. new york 212-496-6031 coffeehouses 26	1
251	the bacchanal 3570 las vegas blvd. s las vegas 702/731 -7525 only in las vegas 449	sterling brunch 3645 las vegas blvd. s. las vegas 702-739-4651 eclectic 673	0
252	margarita's mexican cantina 3120 las vegas blvd. s las vegas 702/794 -8200 mexican 444	palace court 3570 las vegas blvd. s. las vegas 702-731-7110 french ( new ) 70	0
253	shun lee west 43 w. 65th st. new york 212/371 -8844 asian 60	john's pizzeria 48 w. 65th st. new york 212-721-7001 pizza 618	0
254	chin's 3200 las vegas blvd. s las vegas 702/733 -8899 asian 67	buccaneer bay club 3300 las vegas blvd. s. las vegas 702-894-7350 continental 657	0
255	felidia 243 e. 58th st. new york 212/758 -1479 italian 33	lutece 249 e. 50th st. new york 212-752-2225 french ( classic ) 44	0
256	chin's 3200 las vegas blvd. s las vegas 702/733 -8899 asian 67	morton's of chicago ( las vegas ) 3200 las vegas blvd. s. las vegas 702-893-0703 steakhouses 667	0
257	art's delicatessen 12224 ventura blvd. studio 818/762 -1221 american 1	mulberry st. 17040 ventura blvd. encino 818-906-8881 pizza 580	0
258	sea grill 19 w. 49th st. new york 212/332 -7610 seafood 345	mesa grill 102 fifth ave. new york 212-807-7400 southwestern 47	0
259	smith & wollensky 201 e. 49th st. new york 212/753 -1530 american 62	sparks steak house 210 e. 46th st. new york 212-687-4855 steakhouses 641	0
260	rex il ristorante 617 s. olive st. los angeles 213/627 -2300 italian 19	bernard's 515 s. olive st. los angeles 213-612-1580 continental 539	0
261	bertolini's 3570 las vegas blvd. s las vegas 702/735 -4663 italian 427	steak house the 2880 las vegas blvd. s. las vegas 702-734-0410 steakhouses 72	0
262	cafe pierre 2 e. 61st st. new york 212/940 -8185 french 203	cafe flore 2298 market st. san francisco 415-621-8579 californian 722	0
263	le jardin 25 cleveland pl . near spring st. new york 212/343 -9599 french 288	le bernardin 155 w. 51st st. new york 212-489-1515 seafood 41	0
264	gianni's 15 fulton st. new york 212/608 -7300 seafood 255	patsy's pizza 19 old fulton st. brooklyn 718-858-4300 pizza 636	0
265	vong 200 e. 54th st. new york 212/486 -9592 american 373	jo jo 160 e. 64th st. new york 212-223-5656 french bistro 38	0
266	planet hollywood 140 w. 57th st. new york 212/333 -7827 american 328	les celebrites 155 w. 58th st. new york 212-484-5113 french ( classic ) 42	0
267	le chardonnay 8284 melrose ave. los angeles 213/655 -8880 french 12	patina 5955 melrose ave. los angeles 213-467-1108 californian 16	0
268	chin's 3200 las vegas blvd. s las vegas 702/733 -8899 asian 67	steak house the 2880 las vegas blvd. s. las vegas 702-734-0410 steakhouses 72	0
269	dining room ritz-carlton buckhead 3434 peachtree rd. atlanta 404/237 -2700 international 90	georgia grille 2290 peachtree rd. atlanta 404-352-3517 southwestern 81	0
270	21 club 21 w. 52nd st. new york 212/582 -7200 american 23	21 club 21 w. 52nd st. new york 212-582-7200 american ( new ) 23	1
271	bally's big kitchen 3645 las vegas blvd. s las vegas 702/739 -4111 buffets 424	tre visi 3799 las vegas blvd. s. las vegas 702-891-7331 italian 674	0
272	hard rock cafe 8600 beverly blvd. los angeles 310/276 -7605 american 137	jan's family restaurant 8424 beverly blvd. la 213-651-2866 coffee shops 557	0
273	california pizza kitchen 207 s. beverly dr. los angeles 310/275 -1101 californian 121	ruth's chris steak house ( los angeles ) 224 s. beverly dr. beverly hills 310-859-8744 steakhouses 593	0
274	matsuhisa 129 n. la cienega blvd. beverly hills 310/659 -9639 asian 14	matsuhisa 129 n. la cienega blvd. beverly hills 310-659-9639 seafood 14	1
275	steak house 2880 las vegas blvd. s las vegas 702/734 -0410 steak houses 72	steak house the 2880 las vegas blvd. s. las vegas 702-734-0410 steakhouses 72	1
276	cafe ritz-carlton buckhead 3434 peachtree rd. atlanta 404/237 -2700 ext 6108 international 89	georgia grille 2290 peachtree rd. atlanta 404-352-3517 southwestern 81	0
277	california culinary academy 625 polk st. san francisco 415/771 -3500 french 463	la folie 2316 polk st. san francisco 415-776-5577 french ( new ) 104	0
278	steak house 2880 las vegas blvd. s las vegas 702/734 -0410 steak houses 72	tre visi 3799 las vegas blvd. s. las vegas 702-891-7331 italian 674	0
279	osteria al droge 142 w. 44th st. new york 212/944 -3643 italian 317	petrossian 182 w. 58th st. new york 212-245-2214 russian 52	0
280	pano's and paul's 1232 w. paces ferry rd. atlanta 404/261 -3662 international 88	pano's & paul's 1232 w. paces ferry rd. atlanta 404-261-3662 american ( new ) 88	1
281	margarita's mexican cantina 3120 las vegas blvd. s las vegas 702/794 -8200 mexican 444	buccaneer bay club 3300 las vegas blvd. s. las vegas 702-894-7350 continental 657	0
282	feast 2411 w. sahara ave. las vegas 702/367 -2411 buffets 439	mayflower cuisinier 4750 w. sahara ave. las vegas 702-870-8432 chinese 663	0
283	le chantilly 106 e. 57th st. new york 212/751 -2931 french 285	shun lee palace 155 e. 55th st. new york 212-371-8844 chinese 60	0
284	palisades 1829 peachtree rd. atlanta 404/350 -6755 continental 410	palm the ( atlanta ) 3391 peachtree rd. ne atlanta 404-814-1955 steakhouses 709	0
285	orso 322 w. 46th st. new york 212/489 -7212 italian 316	virgil's real bbq 152 w. 44th st. new york 212-921-9494 bbq 66	0
286	plumpjack cafe 3201 fillmore st. san francisco 415/563 -4755 mediterranean 108	trio cafe 1870 fillmore st. san francisco 415-563-2248 american 749	0
287	lespinasse 2 e. 55th st. new york 212/339 -6719 american 43	la cote basque 60 w. 55th st. new york 212-688-6525 french ( classic ) 40	0
288	r.j.'s uptown kitchen & wine bar 870 n. highland ave. atlanta 404/875 -7775 american 413	uncle bill's pancake house 1305 highland ave. manhattan beach 310-545-5177 diners 599	0
289	helmand 430 broadway san francisco 415/362 -0641 greek and middle eastern 479	peter luger steak house 178 broadway brooklyn 718-387-7400 steakhouses 637	0
290	orleans 11705 national blvd. los angeles 310/479 -4187 cajun 152	indo cafe 10428 1/2 national blvd. la 310-815-1290 indonesian 556	0
291	margarita's mexican cantina 3120 las vegas blvd. s las vegas 702/794 -8200 mexican 444	em eril's new orleans fish house 3799 las vegas blvd. s. las vegas 702-891-7374 seafood 659	0
292	palio 151 w. 51st . st. new york 212/245 -4850 italian 320	le bernardin 155 w. 51st st. new york 212-489-1515 seafood 41	0
293	the bacchanal 3570 las vegas blvd. s las vegas 702/731 -7525 only in las vegas 449	coyote cafe ( las vegas ) 3799 las vegas blvd. s. las vegas 702-891-7349 southwestern 68	0
294	2223 2223 market st. san francisco 415/431 -0692 american 453	cafe flore 2298 market st. san francisco 415-621-8579 californian 722	0
295	betelnut 2030 union st. san francisco 415/929 -8855 asian 456	doidge's 2217 union st. san francisco 415-921-2149 american 726	0
296	manora 3226 mission st. san francisco 415/861 -6224 asian 494	shiro 1505 mission st. s. pasadena 818-799-4774 pacific new wave 594	0
297	san pietro 18 e. 54th st. new york 212/753 -9015 italian 342	oceana 55 e. 54th st. new york 212-759-5941 seafood 50	0
298	posto 14928 ventura blvd. sherman oaks 818/784 -4400 italian 156	pinot bistro 12969 ventura blvd. studio 818-990-0500 french bistro 18	0
299	philippe's the original 1001 n. alameda st. los angeles 213/628 -3781 american 17	philippe the original 1001 n. alameda st. chinatown 213-628-3781 cafeterias 17	1
300	chin's 3200 las vegas blvd. s las vegas 702/733 -8899 asian 67	moongate 3400 las vegas blvd. s. las vegas 702-791-7352 chinese 666	0
301	masa's 648 bush st. san francisco 415/989 -7154 french 106	teresa's 80 montague st. queens 718-520-2910 polish 647	0
302	circus circus 2880 las vegas blvd. s las vegas 702/734 -0410 buffets 437	steak house the 2880 las vegas blvd. s. las vegas 702-734-0410 steakhouses 72	0
303	hedgerose heights inn 490 e. paces ferry rd. atlanta 404/233 -7673 international 82	chops 70 w. paces ferry rd. atlanta 404-262-2675 steakhouses 687	0
304	mavalli palace 46 e. 29th st. new york 212/679 -5535 asian 306	gramercy tavern 42 e. 20th st. new york 212-477-0777 american ( new ) 36	0
305	morton's 8764 melrose ave. los angeles 310/276 -5205 american 148	citrus 6703 melrose ave. los angeles 213-857-0034 californian 6	0
306	pen & pencil 205 e. 45th st. new york 212/682 -8660 american 325	wollensky's grill 205 e. 49th st. new york 212-753-0444 steakhouses 653	0
307	orso 322 w. 46th st. new york 212/489 -7212 italian 316	sparks steak house 210 e. 46th st. new york 212-687-4855 steakhouses 641	0
308	monkey bar 60 e. 54th st. new york 212/838 -2600 american 308	oceana 55 e. 54th st. new york 212-759-5941 seafood 50	0
309	four seasons grill room 99 e. 52nd st. new york 212/754 -9494 american 34	la grenouille 3 e. 52nd st. new york 212-752-1495 french ( classic ) 623	0
310	ralph's diner 3000 las vegas blvd. s las vegas 702/732 -6330 coffee shops/diners 448	moongate 3400 las vegas blvd. s. las vegas 702-791-7352 chinese 666	0
311	cafe ritz-carlton buckhead 3434 peachtree rd. atlanta 404/237 -2700 ext 6108 international 89	nava 3060 peachtree rd. atlanta 404-240-1984 southwestern 706	0
312	la caravelle 33 w. 55th st. new york 212/586 -4252 french 39	menchanko-tei 39 w. 55th st. new york 212-247-1585 japanese 627	0
313	jewel of india 15 w. 44th st. new york 212/869 -5544 asian 273	island spice 402 w. 44th st. new york 212-765-1737 caribbean 37	0
314	bertolini's 3570 las vegas blvd. s las vegas 702/735 -4663 italian 427	madame ching's 3300 las vegas blvd. s. las vegas 702-894-7111 asian 662	0
315	manora 3226 mission st. san francisco 415/861 -6224 asian 494	la taqueria 2889 mission st. san francisco 415-285-7117 mexican 736	0
316	cafe bizou 14016 ventura blvd. sherman oaks 818/788 -3536 french 3	cafe bizou 14016 ventura blvd. sherman oaks 818-788-3536 french bistro 3	1
317	palace court 3570 las vegas blvd. s las vegas 702/731 -7547 continental 70	palace court 3570 las vegas blvd. s. las vegas 702-731-7110 french ( new ) 70	1
318	california culinary academy 625 polk st. san francisco 415/771 -3500 french 463	mario's bohemian cigar store cafe 2209 polk st. san francisco 415-776-8226 italian 737	0
319	vong 200 e. 54th st. new york 212/486 -9592 american 373	lutece 249 e. 50th st. new york 212-752-2225 french ( classic ) 44	0
320	bolo 23 e. 22nd st. new york 212/228 -2200 mediterranean 191	arcadia 21 e. 62nd st. new york 212-223-2900 american ( new ) 603	0
321	cafe ritz-carlton buckhead 3434 peachtree rd. atlanta 404/237 -2700 ext 6108 international 89	brasserie le coze 3393 peachtree rd. atlanta 404-266-1440 french bistro 77	0
322	tavola calda 7371 melrose ave. los angeles 213/658 -6340 italian 165	johnny rockets ( la ) 7507 melrose ave. la 213-651-3361 american 564	0
323	fleur de jour 348 e. 62nd st. new york 212/355 -2020 coffee bar 245	arcadia 21 e. 62nd st. new york 212-223-2900 american ( new ) 603	0
324	lespinasse 2 e. 55th st. new york 212/339 -6719 american 43	shun lee palace 155 e. 55th st. new york 212-371-8844 chinese 60	0
325	dawat 210 e. 58th st. new york 212/355 -7555 asian 32	dawat 210 e. 58th st. new york 212-355-7555 indian 32	1
326	bamboo garden 4850 flamingo rd. las vegas 702/871 -3262 asian 425	buzio's in the rio 3700 w. flamingo rd. las vegas 702-252-7697 seafood 658	0
327	boulevard 1 mission st. san francisco 415/543 -6084 american 96	shiro 1505 mission st. s. pasadena 818-799-4774 pacific new wave 594	0
328	march 405 e. 58th st. new york 212/754 -6272 american 46	march 405 e. 58th st. new york 212-754-6272 american ( new ) 46	1
329	bally's big kitchen 3645 las vegas blvd. s las vegas 702/739 -4111 buffets 424	chin's 3200 las vegas blvd. s. las vegas 702-733-8899 chinese 67	0
330	em press court 3570 las vegas blvd. s las vegas 702/731 -7888 asian 438	monte carlo 3145 las vegas blvd. s. las vegas 702-733-4524 french ( new ) 665	0
331	cafe ritz-carlton buckhead 3434 peachtree rd. atlanta 404/237 -2700 ext 6108 international 89	ritz-carlton cafe ( buckhead ) 3434 peachtree rd. ne atlanta 404-237-2700 american ( new ) 89	1
332	la caravelle 33 w. 55th st. new york 212/586 -4252 french 39	aquavit 13 w. 54th st. new york 212-307-7311 scandinavian 24	0
333	felidia 243 e. 58th st. new york 212/758 -1479 italian 33	felidia 243 e. 58th st. new york 212-758-1479 italian 33	1
334	em pire korea 6 e. 32nd st. new york 212/725 -1333 asian 233	la grenouille 3 e. 52nd st. new york 212-752-1495 french ( classic ) 623	0
335	helmand 430 broadway san francisco 415/362 -0641 greek and middle eastern 479	pho hoa 642 broadway chinatown 213-626-5530 vietnamese 585	0
336	palisades 1829 peachtree rd. atlanta 404/350 -6755 continental 410	ritz-carlton cafe ( atlanta ) 181 peachtree st. atlanta 404-659-0400 american ( new ) 711	0
337	montrachet 239 w. broadway between walker and white sts . new york 212 / 219-2777 french 49	montrachet 239 w. broadway new york 212-219-2777 french bistro 49	1
338	oritalia 1915 fillmore st. san francisco 415/346 -1333 italian 501	plumpjack cafe 3127 fillmore st. san francisco 415-563-4755 american ( new ) 108	0
339	palace court 3570 las vegas blvd. s las vegas 702/731 -7547 continental 70	em eril's new orleans fish house 3799 las vegas blvd. s. las vegas 702-891-7374 seafood 659	0
340	cafe ritz-carlton buckhead 3434 peachtree rd. atlanta 404/237 -2700 ext 6108 international 89	brookhaven cafe 4274 peachtree rd. atlanta 404-231-5907 vegetarian 682	0
341	bally's big kitchen 3645 las vegas blvd. s las vegas 702/739 -4111 buffets 424	moongate 3400 las vegas blvd. s. las vegas 702-791-7352 chinese 666	0
342	planet hollywood 140 w. 57th st. new york 212/333 -7827 american 328	petrossian 182 w. 58th st. new york 212-245-2214 russian 52	0
343	tommy tang's 7313 melrose ave. los angeles 213/937 -5733 asian 167	mo better meatty meat 7261 melrose ave. la 213-935-5280 hamburgers 579	0
344	le montrachet 3000 w. paradise rd. las vegas 702/732 -5111 continental 69	le montrachet bistro 3000 paradise rd. las vegas 702-732-5651 french bistro 69	1
345	yolie's 3900 paradise rd. las vegas 702/794 -0700 steak houses 452	joe's 1023 abbot kinney blvd. venice 310-399-5811 american ( new ) 560	0
346	annie's thai castle 3195 roswell rd. atlanta 404/264 -9546 asian 381	cafe sunflower 5975 roswell rd. atlanta 404-256-1675 health food 683	0
347	bugsy's diner 3555 las vegas blvd. s las vegas 702/733 -3111 coffee shops/diners 431	morton's of chicago ( las vegas ) 3200 las vegas blvd. s. las vegas 702-893-0703 steakhouses 667	0
348	french quarter food shop 923 peachtree st. at 8th st. atlanta 404/875 -2489 southern 396	ritz-carlton cafe ( atlanta ) 181 peachtree st. atlanta 404-659-0400 american ( new ) 711	0
349	french quarter food shop 923 peachtree st. at 8th st. atlanta 404/875 -2489 southern 396	ritz-carlton restaurant 181 peachtree st. atlanta 404-659-0400 french ( classic ) 91	0
350	mambo restaurante cubano 1402 n. highland ave. atlanta 404/874 -2626 caribbean 406	indigo coastal grill 1397 n. highland ave. atlanta 404-876-0676 eclectic 84	0
351	masa's 648 bush st. san francisco 415/989 -7154 french 106	kelly's on trinity 333 bush st. san francisco 415-362-4454 californian 733	0
352	bertolini's 3570 las vegas blvd. s las vegas 702/735 -4663 italian 427	chin's 3200 las vegas blvd. s. las vegas 702-733-8899 chinese 67	0
353	la folie 2316 polk st. san francisco 415/776 -5577 french 104	la folie 2316 polk st. san francisco 415-776-5577 french ( new ) 104	1
354	border grill 4th st. los angeles 310/451 -1655 mexican 116	andre's french restaurant 401 s. 6th st. las vegas 702-385-5016 french ( classic ) 656	0
355	cafe roma 3570 las vegas blvd. s las vegas 702/731 -7547 coffee shops/diners 433	spago ( las vegas ) 3500 las vegas blvd. s. las vegas 702-369-6300 californian 670	0
356	dive ! 10250 santa monica blvd. los angeles 310/788 - dive american 128	jiraffe 502 santa monica blvd santa monica 310-917-6671 californian 558	0
357	bugsy's diner 3555 las vegas blvd. s las vegas 702/733 -3111 coffee shops/diners 431	steak house the 2880 las vegas blvd. s. las vegas 702-734-0410 steakhouses 72	0
358	mikado 3400 las vegas blvd. s las vegas 702/791 -7111 asian 446	buccaneer bay club 3300 las vegas blvd. s. las vegas 702-894-7350 continental 657	0
359	the palm 9001 santa monica blvd. los angeles 310/550 -8811 american 15	palm the ( los angeles ) 9001 santa monica blvd. w. hollywood 310-550-8811 steakhouses 15	1
360	tomtom 3393 peachtree rd. atlanta 404/264 -1163 continental 422	la grotta 2637 peachtree rd. ne atlanta 404-231-1368 italian 85	0
361	buckhead diner 3073 piedmont road atlanta 404/262 -3336 american 78	buckhead diner 3073 piedmont rd. atlanta 404-262-3336 american ( new ) 78	1
362	alley's end 311 w. 17th st. new york 212/627 -8899 american 178	cafe des artistes 1 w. 67th st. new york 212-877-3500 french ( classic ) 27	0
363	masa's 648 bush st. san francisco 415/989 -7154 french 106	martha's 22nd street grill 25 22nd st. hermosa beach 310-376-7786 american 575	0
364	steak house 2880 las vegas blvd. s las vegas 702/734 -0410 steak houses 72	peter luger steak house 178 broadway brooklyn 718-387-7400 steakhouses 637	0
365	alley's end 311 w. 17th st. new york 212/627 -8899 american 178	yama 122 e. 17th st. new york 212-475-0969 japanese 654	0
366	ritz-carlton restaurant and dining room 600 stockton st. san francisco 415/296 -7465 american 110	ritz-carlton dining room ( san francisco ) 600 stockton st. san francisco 415-296-7465 french ( new ) 110	1
367	circus circus 2880 las vegas blvd. s las vegas 702/734 -0410 buffets 437	chin's 3200 las vegas blvd. s. las vegas 702-733-8899 chinese 67	0
368	china grill 60 w. 53rd st. new york 212/333 -7788 american 219	la cote basque 60 w. 55th st. new york 212-688-6525 french ( classic ) 40	0
369	tavola calda 7371 melrose ave. los angeles 213/658 -6340 italian 165	mo better meatty meat 7261 melrose ave. la 213-935-5280 hamburgers 579	0
370	eclipse 8800 melrose ave. los angeles 310/724 -5959 californian 132	johnny rockets ( la ) 7507 melrose ave. la 213-651-3361 american 564	0
371	hotel bel-air 701 stone canyon rd. bel air 310/472 -1211 californian 2	bel-air hotel 701 stone canyon rd. bel air 310-472-1211 californian 2	1
372	bistro 3400 las vegas blvd. s las vegas 702/791 -7111 continental 429	palace court 3570 las vegas blvd. s. las vegas 702-731-7110 french ( new ) 70	0
373	ralph's diner 3000 las vegas blvd. s las vegas 702/732 -6330 coffee shops/diners 448	monte carlo 3145 las vegas blvd. s. las vegas 702-733-4524 french ( new ) 665	0
374	bistro roti 155 steuart st. san francisco 415/495 -6500 french 457	bistro the 56 e. andrews dr. nw atlanta 404-231-5733 french bistro 679	0
375	taste of new orleans 889 w. peachtree st. atlanta 404/874 -5535 southern 421	ritz-carlton cafe ( atlanta ) 181 peachtree st. atlanta 404-659-0400 american ( new ) 711	0
376	hong kong flower lounge 5322 geary blvd. san francisco 415/668 -8998 asian 480	khan toke thai house 5937 geary blvd. san francisco 415-668-6654 thai 103	0
377	posto 14928 ventura blvd. sherman oaks 818/784 -4400 italian 156	sushi nozawa 11288 ventura blvd. studio 818-508-7017 japanese 595	0
378	binion's coffee shop 128 fremont st. las vegas 702/382 -1600 coffee shops/diners 428	second street grill 200 e. fremont st. las vegas 702-385-6277 pacific rim 71	0
379	mary mac's tea room 224 ponce de leon ave. atlanta 404/876 -1800 southern 86	java jive 790 ponce de leon ave. atlanta 404-876-6161 coffee shops 698	0
380	le colonial 8783 beverly blvd. los angeles 310/289 -0660 asian 144	tommy's 2575 beverly blvd. la 213-389-9060 hamburgers 598	0
381	picholine 35 w. 64th st. new york 212/724 -8585 mediterranean 53	picholine 35 w. 64th st. new york 212-724-8585 mediterranean 53	1
382	vong 200 e. 54th st. new york 212/486 -9592 american 373	oceana 55 e. 54th st. new york 212-759-5941 seafood 50	0
383	carta 1772 market st. san francisco 415/863 -3516 american 465	cafe flore 2298 market st. san francisco 415-621-8579 californian 722	0
384	mikado 3400 las vegas blvd. s las vegas 702/791 -7111 asian 446	tre visi 3799 las vegas blvd. s. las vegas 702-891-7331 italian 674	0
385	eclipse 8800 melrose ave. los angeles 310/724 -5959 californian 132	patina 5955 melrose ave. los angeles 213-467-1108 californian 16	0
386	cafe roma 3570 las vegas blvd. s las vegas 702/731 -7547 coffee shops/diners 433	em eril's new orleans fish house 3799 las vegas blvd. s. las vegas 702-891-7374 seafood 659	0
387	pano's and paul's 1232 w. paces ferry rd. atlanta 404/261 -3662 international 88	riviera 519 e. paces ferry rd. atlanta 404-262-7112 mediterranean 712	0
388	monkey bar 60 e. 54th st. new york 212/838 -2600 american 308	aquavit 13 w. 54th st. new york 212-307-7311 scandinavian 24	0
389	em press court 3570 las vegas blvd. s las vegas 702/731 -7888 asian 438	coyote cafe ( las vegas ) 3799 las vegas blvd. s. las vegas 702-891-7349 southwestern 68	0
390	virgil's 152 w. 44th st. new york 212 / 921-9494 american 66	island spice 402 w. 44th st. new york 212-765-1737 caribbean 37	0
391	campton place 340 stockton st. san francisco 415/955 -5555 american 98	campton place 340 stockton st. san francisco 415-955-5555 american ( new ) 98	1
392	dante's down the hatch buckhead 3380 peachtree rd. atlanta 404/266 -1600 continental 393	la grotta 2637 peachtree rd. ne atlanta 404-231-1368 italian 85	0
393	luna si 1931 peachtree rd. atlanta 404/355 -5993 continental 405	la grotta 2637 peachtree rd. ne atlanta 404-231-1368 italian 85	0
394	circus circus 2880 las vegas blvd. s las vegas 702/734 -0410 buffets 437	palace court 3570 las vegas blvd. s. las vegas 702-731-7110 french ( new ) 70	0
395	21 club 21 w. 52nd st. new york 212/582 -7200 american 23	la grenouille 3 e. 52nd st. new york 212-752-1495 french ( classic ) 623	0
396	border grill 4th st. los angeles 310/451 -1655 mexican 116	island spice 402 w. 44th st. new york 212-765-1737 caribbean 37	0
397	palisades 1829 peachtree rd. atlanta 404/350 -6755 continental 410	abruzzi 2355 peachtree rd. ne atlanta 404-261-8186 italian 74	0
398	bally's big kitchen 3645 las vegas blvd. s las vegas 702/739 -4111 buffets 424	steak house the 2880 las vegas blvd. s. las vegas 702-734-0410 steakhouses 72	0
399	california culinary academy 625 polk st. san francisco 415/771 -3500 french 463	wa-ha-ka oaxaca mexican grill 2141 polk st. san francisco 415-775-1055 mexican 752	0
400	le madri 168 w. 18th st. new york 212/727 -8022 italian 289	les celebrites 155 w. 58th st. new york 212-484-5113 french ( classic ) 42	0
401	palisades 1829 peachtree rd. atlanta 404/350 -6755 continental 410	ritz-carlton dining room ( buckhead ) 3434 peachtree rd. ne atlanta 404-237-2700 american ( new ) 90	0
402	ralph's diner 3000 las vegas blvd. s las vegas 702/732 -6330 coffee shops/diners 448	steak house the 2880 las vegas blvd. s. las vegas 702-734-0410 steakhouses 72	0
403	toulouse b peachtree rd. atlanta 404/351 -9533 french 92	toulouse 293-b peachtree rd. atlanta 404-351-9533 french ( new ) 92	1
404	bugsy's diner 3555 las vegas blvd. s las vegas 702/733 -3111 coffee shops/diners 431	monte carlo 3145 las vegas blvd. s. las vegas 702-733-4524 french ( new ) 665	0
405	two two two 222 w. 79th st. new york 212/799 -0400 american 368	edison cafe 228 w. 47th st. new york 212-840-5000 diners 611	0
406	coyote cafe 3799 las vegas blvd. s las vegas 702/891 -7349 southwestern 68	michael's ( las vegas ) 3595 las vegas blvd. s. las vegas 702-737-7111 continental 664	0
407	des alpes 732 broadway san francisco 415/788 -9900 french 468	carmine's 2450 broadway new york 212-362-2200 italian 28	0
408	steak house 2880 las vegas blvd. s las vegas 702/734 -0410 steak houses 72	sterling brunch 3645 las vegas blvd. s. las vegas 702-739-4651 eclectic 673	0
409	dining room ritz-carlton buckhead 3434 peachtree rd. atlanta 404/237 -2700 international 90	white house restaurant 3172 peachtree rd. ne atlanta 404-237-7601 diners 719	0
410	mary mac's tea room 224 ponce de leon ave. atlanta 404/876 -1800 southern 86	mary mac's tea room 224 ponce de leon ave. atlanta 404-876-1800 southern/soul 86	1
411	morton's 8764 melrose ave. los angeles 310/276 -5205 american 148	patina 5955 melrose ave. los angeles 213-467-1108 californian 16	0
412	rex il ristorante 617 s. olive st. los angeles 213/627 -2300 italian 19	rex il ristorante 617 s. olive st. los angeles 213-627-2300 nuova cucina italian 19	1
413	uncle nick's 747 9th ave. between 50th and 51st sts . new york 212/315 -1726 mediterranean 64	uncle nick's 747 ninth ave. new york 212-245-7992 greek 64	1
414	ralph's diner 3000 las vegas blvd. s las vegas 702/732 -6330 coffee shops/diners 448	chin's 3200 las vegas blvd. s. las vegas 702-733-8899 chinese 67	0
415	le madri 168 w. 18th st. new york 212/727 -8022 italian 289	san francisco bbq 1328 18th st. san francisco 415-431-8956 thai 744	0
416	pano's and paul's 1232 w. paces ferry rd. atlanta 404/261 -3662 international 88	hedgerose heights inn the 490 e. paces ferry rd. ne atlanta 404-233-7673 continental 82	0
417	ernie's 2150 broadway between 75th and 76th sts . new york 212/496 -1588 american 234	rae's 2901 pico blvd. santa monica 310-828-7937 diners 589	0
418	chin's 3200 las vegas blvd. s las vegas 702/733 -8899 asian 67	em eril's new orleans fish house 3799 las vegas blvd. s. las vegas 702-891-7374 seafood 659	0
419	carnival world 3700 w. flamingo rd. las vegas 702/252 -7777 buffets 435	fiore rotisserie & grille 3700 w. flamingo rd. las vegas 702-252-7702 italian 660	0
420	moose's 1652 stockton st. san francisco 415/989 -7800 mediterranean 498	joe's 1023 abbot kinney blvd. venice 310-399-5811 american ( new ) 560	0
421	the palm 9001 santa monica blvd. los angeles 310/550 -8811 american 15	jiraffe 502 santa monica blvd santa monica 310-917-6671 californian 558	0
422	swingers 8020 beverly blvd. los angeles 213/653 -5858 american 164	koo koo roo 8393 w. beverly blvd. la 213-655-9045 chicken 567	0
423	jean lafitte 68 w. 58th st. new york 212/751 -2323 french 272	manhattan ocean club 57 w. 58th st. new york 212-371-7777 seafood 45	0
424	ton kiang 3148 geary blvd. san francisco 415/752 -4440 asian 522	khan toke thai house 5937 geary blvd. san francisco 415-668-6654 thai 103	0
425	vong 200 e. 54th st. new york 212/486 -9592 american 373	wollensky's grill 205 e. 49th st. new york 212-753-0444 steakhouses 653	0
426	eclipse 8800 melrose ave. los angeles 310/724 -5959 californian 132	citrus 6703 melrose ave. los angeles 213-857-0034 californian 6	0
427	palace court 3570 las vegas blvd. s las vegas 702/731 -7547 continental 70	coyote cafe ( las vegas ) 3799 las vegas blvd. s. las vegas 702-891-7349 southwestern 68	0
428	le montrachet 3000 w. paradise rd. las vegas 702/732 -5111 continental 69	nicky blair's 3925 paradise rd. las vegas 702-792-9900 italian 668	0
429	mandarin court 1510 e. flamingo rd. las vegas 702/737 -1234 asian 443	till erman the 2245 e. flamingo rd. las vegas 702-731-4036 steakhouses 73	0
430	second street grille 200 e. fremont st. las vegas 702/385 -3232 seafood 71	steakhouse the 128 e. fremont st. las vegas 702-382-1600 steakhouses 671	0
431	border grill 4th st. los angeles 310/451 -1655 mexican 116	veni vidi vici 41 14th st. atlanta 404-875-8424 italian 93	0
432	lespinasse 2 e. 55th st. new york 212/339 -6719 american 43	lespinasse ( new york ) 2 e. 55th st. new york 212-339-6719 asian 43	1
433	felidia 243 e. 58th st. new york 212/758 -1479 italian 33	lespinasse ( new york ) 2 e. 55th st. new york 212-339-6719 asian 43	0
434	gotham bar & grill 12 e. 12th st. new york 212/620 -4020 american 35	gotham bar & grill 12 e. 12th st. new york 212-620-4020 american ( new ) 35	1
435	9 jones street 9 jones st. new york 212/989 -1220 american 173	dottie's true blue cafe 522 jones st. san francisco 415-885-2767 diners 727	0
436	petrossian 182 w. 58th st. new york 212/245 -2214 french 52	petrossian 182 w. 58th st. new york 212-245-2214 russian 52	1
437	palisades 1829 peachtree rd. atlanta 404/350 -6755 continental 410	nava 3060 peachtree rd. atlanta 404-240-1984 southwestern 706	0
438	citrus 6703 melrose ave. los angeles 213/857 -0034 californian 6	patina 5955 melrose ave. los angeles 213-467-1108 californian 16	0
439	viva mercado's 6182 w. flamingo rd. las vegas 702/871 -8826 mexican 451	buzio's in the rio 3700 w. flamingo rd. las vegas 702-252-7697 seafood 658	0
440	moose's 1652 stockton st. san francisco 415/989 -7800 mediterranean 498	campton place 340 stockton st. san francisco 415-955-5555 american ( new ) 98	0
441	lespinasse 2 e. 55th st. new york 212/339 -6719 american 43	lutece 249 e. 50th st. new york 212-752-2225 french ( classic ) 44	0
442	hard rock cafe 8600 beverly blvd. los angeles 310/276 -7605 american 137	tommy's 2575 beverly blvd. la 213-389-9060 hamburgers 598	0
443	lutece 249 e. 50th st. new york 212/752 -2225 french 44	lutece 249 e. 50th st. new york 212-752-2225 french ( classic ) 44	1
444	palisades 1829 peachtree rd. atlanta 404/350 -6755 continental 410	brookhaven cafe 4274 peachtree rd. atlanta 404-231-5907 vegetarian 682	0
445	dante's down the hatch buckhead 3380 peachtree rd. atlanta 404/266 -1600 continental 393	brasserie le coze 3393 peachtree rd. atlanta 404-266-1440 french bistro 77	0
446	lillie langtry's 129 e. fremont st. las vegas 702/385 -7111 asian 442	steakhouse the 128 e. fremont st. las vegas 702-382-1600 steakhouses 671	0
447	cafe pierre 2 e. 61st st. new york 212/940 -8185 french 203	aureole 34 e. 61st st. new york 212-319-1660 american ( new ) 25	0
448	march 405 e. 58th st. new york 212/754 -6272 american 46	petrossian 182 w. 58th st. new york 212-245-2214 russian 52	0
449	the bacchanal 3570 las vegas blvd. s las vegas 702/731 -7525 only in las vegas 449	moongate 3400 las vegas blvd. s. las vegas 702-791-7352 chinese 666	0
450	dining room ritz-carlton buckhead 3434 peachtree rd. atlanta 404/237 -2700 international 90	abruzzi 2355 peachtree rd. ne atlanta 404-261-8186 italian 74	0
451	toulouse b peachtree rd. atlanta 404/351 -9533 french 92	la grotta 2637 peachtree rd. ne atlanta 404-231-1368 italian 85	0
452	binion's coffee shop 128 fremont st. las vegas 702/382 -1600 coffee shops/diners 428	hugo's cellar 202 e. fremont st. las vegas 702-385-4011 continental 661	0
453	hawthorne lane 22 hawthorne st. san francisco 415/777 -9779 american 102	hawthorne lane 22 hawthorne st. san francisco 415-777-9779 californian 102	1
454	circus circus 2880 las vegas blvd. s las vegas 702/734 -0410 buffets 437	em eril's new orleans fish house 3799 las vegas blvd. s. las vegas 702-891-7374 seafood 659	0
455	mary mac's tea room 224 ponce de leon ave. atlanta 404/876 -1800 southern 86	majestic 1031 ponce de leon ave. atlanta 404-875-0276 diners 703	0
456	golden nugget hotel 129 e. fremont st. las vegas 702/385 -7111 buffets 440	second street grill 200 e. fremont st. las vegas 702-385-6277 pacific rim 71	0
457	bistro 3400 las vegas blvd. s las vegas 702/791 -7111 continental 429	sterling brunch 3645 las vegas blvd. s. las vegas 702-739-4651 eclectic 673	0
458	binion's coffee shop 128 fremont st. las vegas 702/382 -1600 coffee shops/diners 428	stefano's 129 fremont st. las vegas 702-385-7111 italian 672	0
459	le chardonnay 8284 melrose ave. los angeles 213/655 -8880 french 12	mo better meatty meat 7261 melrose ave. la 213-935-5280 hamburgers 579	0
460	bistro 3400 las vegas blvd. s las vegas 702/791 -7111 continental 429	morton's of chicago ( las vegas ) 3200 las vegas blvd. s. las vegas 702-893-0703 steakhouses 667	0
461	palisades 1829 peachtree rd. atlanta 404/350 -6755 continental 410	original pancake house ( at ) 4330 peachtree rd. atlanta 404-237-4116 american 708	0
462	gabriela's 685 amsterdam ave. at 93rd st. new york 212/961 -0574 mexican 253	monsoon ( ny ) 435 amsterdam ave. new york 212-580-8686 thai 629	0
463	grill on the alley 9560 dayton way los angeles 310/276 -0615 american 9	grill the 9560 dayton way beverly hills 310-276-0615 american ( traditional ) 9	1
464	luna si 1931 peachtree rd. atlanta 404/355 -5993 continental 405	toulouse 293-b peachtree rd. atlanta 404-351-9533 french ( new ) 92	0
465	petrossian 182 w. 58th st. new york 212/245 -2214 french 52	virgil's real bbq 152 w. 44th st. new york 212-921-9494 bbq 66	0
466	cafe ritz-carlton buckhead 3434 peachtree rd. atlanta 404/237 -2700 ext 6108 international 89	toulouse 293-b peachtree rd. atlanta 404-351-9533 french ( new ) 92	0
467	postrio 545 post st. san francisco 415/776 -7825 american 109	mifune 1737 post st. san francisco 415-922-0337 japanese 107	0
468	bally's big kitchen 3645 las vegas blvd. s las vegas 702/739 -4111 buffets 424	coyote cafe ( las vegas ) 3799 las vegas blvd. s. las vegas 702-891-7349 southwestern 68	0
469	bally's big kitchen 3645 las vegas blvd. s las vegas 702/739 -4111 buffets 424	michael's ( las vegas ) 3595 las vegas blvd. s. las vegas 702-737-7111 continental 664	0
470	swingers 8020 beverly blvd. los angeles 213/653 -5858 american 164	tommy's 2575 beverly blvd. la 213-389-9060 hamburgers 598	0
471	steak house 2880 las vegas blvd. s las vegas 702/734 -0410 steak houses 72	morton's of chicago ( las vegas ) 3200 las vegas blvd. s. las vegas 702-893-0703 steakhouses 667	0
472	dante's down the hatch buckhead 3380 peachtree rd. atlanta 404/266 -1600 continental 393	white house restaurant 3172 peachtree rd. ne atlanta 404-237-7601 diners 719	0
473	annie's thai castle 3195 roswell rd. atlanta 404/264 -9546 asian 381	chopstix 4279 roswell rd. atlanta 404-255-4868 chinese 688	0
474	tomtom 3393 peachtree rd. atlanta 404/264 -1163 continental 422	nava 3060 peachtree rd. atlanta 404-240-1984 southwestern 706	0
475	steak house 2880 las vegas blvd. s las vegas 702/734 -0410 steak houses 72	em eril's new orleans fish house 3799 las vegas blvd. s. las vegas 702-891-7374 seafood 659	0
476	toulouse b peachtree rd. atlanta 404/351 -9533 french 92	nava 3060 peachtree rd. atlanta 404-240-1984 southwestern 706	0
477	katia's 600 5th ave. san francisco 415/668 -9292 487	sylvia's 328 lenox ave. new york 212-996-0660 southern/soul 644	0
478	antonio's 3700 w. flamingo las vegas 702/252 -7737 italian 423	don antonio's 1136 westwood blvd. westwood 310-209-1422 italian 550	0
479	bruno 240 e. 58th st. new york 212/688 -4190 italian 195	sparks steak house 210 e. 46th st. new york 212-687-4855 steakhouses 641	0
480	alain rondelli 126 clement st. san francisco 415/387 -0408 french 94	bill's place 2315 clement st. san francisco 415-221-5262 hamburgers 721	0
481	luna si 1931 peachtree rd. atlanta 404/355 -5993 continental 405	ritz-carlton cafe ( buckhead ) 3434 peachtree rd. ne atlanta 404-237-2700 american ( new ) 89	0
482	hedgerose heights inn 490 e. paces ferry rd. atlanta 404/233 -7673 international 82	canoe 4199 paces ferry rd. atlanta 770-432-2663 american ( new ) 684	0
483	palace court 3570 las vegas blvd. s las vegas 702/731 -7547 continental 70	buccaneer bay club 3300 las vegas blvd. s. las vegas 702-894-7350 continental 657	0
484	nate \  n \  al's 414 n. beverly dr. los angeles 310/274 -0101 american 149	ruth's chris steak house ( los angeles ) 224 s. beverly dr. beverly hills 310-859-8744 steakhouses 593	0
485	citrus 6703 melrose ave. los angeles 213/857 -0034 californian 6	citrus 6703 melrose ave. los angeles 213-857-0034 californian 6	1
486	bone's 3130 piedmont road atlanta 404/237 -2663 american 76	carmine's 2450 broadway new york 212-362-2200 italian 28	0
487	locanda veneta 3rd st. los angeles 310/274 -1893 italian 13	locanda veneta 8638 w. third st. los angeles 310-274-1893 italian 13	1
488	fifty seven fifty seven 57 e. 57th st. new york 212/758 -5757 american 239	manhattan ocean club 57 w. 58th st. new york 212-371-7777 seafood 45	0
489	patina 5955 melrose ave. los angeles 213/467 -1108 californian 16	johnny rockets ( la ) 7507 melrose ave. la 213-651-3361 american 564	0
490	circus circus 2880 las vegas blvd. s las vegas 702/734 -0410 buffets 437	tre visi 3799 las vegas blvd. s. las vegas 702-891-7331 italian 674	0
491	lanza restaurant 168 1st ave. between 10th and 11th sts . new york 212/674 -7014 italian 282	thailand restaurant 106 bayard st. new york 212-349-3132 thai 649	0
492	morton's 8764 melrose ave. los angeles 310/276 -5205 american 148	le chardonnay ( los angeles ) 8284 melrose ave. los angeles 213-655-8880 french bistro 12	0
493	margarita's mexican cantina 3120 las vegas blvd. s las vegas 702/794 -8200 mexican 444	moongate 3400 las vegas blvd. s. las vegas 702-791-7352 chinese 666	0
494	ritz-carlton restaurant and dining room 600 stockton st. san francisco 415/296 -7465 american 110	campton place 340 stockton st. san francisco 415-955-5555 american ( new ) 98	0
495	le marais 150 w. 46th st. new york 212/869 -0900 american 290	sparks steak house 210 e. 46th st. new york 212-687-4855 steakhouses 641	0
496	morton's 8764 melrose ave. los angeles 310/276 -5205 american 148	johnny rockets ( la ) 7507 melrose ave. la 213-651-3361 american 564	0
497	circus circus 2880 las vegas blvd. s las vegas 702/734 -0410 buffets 437	morton's of chicago ( las vegas ) 3200 las vegas blvd. s. las vegas 702-893-0703 steakhouses 667	0
498	manhattan cafe 1161 1st ave. between 63rd and 64th sts . new york 212/888 -6556 american 300	manhattan ocean club 57 w. 58th st. new york 212-371-7777 seafood 45	0
499	steak house 2880 las vegas blvd. s las vegas 702/734 -0410 steak houses 72	coyote cafe ( las vegas ) 3799 las vegas blvd. s. las vegas 702-891-7349 southwestern 68	0
500	fenix 8358 sunset blvd. west hollywood 213/848 -6677 american 7	duke's 8909 sunset blvd. w. hollywood 310-652-3100 coffee shops 551	0
501	gotham bar & grill 12 e. 12th st. new york 212/620 -4020 american 35	yama 122 e. 17th st. new york 212-475-0969 japanese 654	0
502	otabe 68 e. 56th st. new york 212/223 -7575 asian 318	darbar 44 w. 56th st. new york 212-432-7227 indian 609	0
503	pacific dining car 6th st. los angeles 213/483 -6000 american 153	ti couz 3108 16th st. san francisco 415-252-7373 french 748	0
504	lillie langtry's 129 e. fremont st. las vegas 702/385 -7111 asian 442	hugo's cellar 202 e. fremont st. las vegas 702-385-4011 continental 661	0
505	aqua 252 california st. san francisco 415/956 -9662 seafood 95	aqua 252 california st. san francisco 415-956-9662 american ( new ) 95	1
506	campanile 624 s. la brea ave. los angeles 213/938 -1447 american 4	campanile 624 s. la brea ave. los angeles 213-938-1447 californian 4	1
507	pen & pencil 205 e. 45th st. new york 212/682 -8660 american 325	march 405 e. 58th st. new york 212-754-6272 american ( new ) 46	0
508	le soleil 133 clement st. san francisco 415/668 -4848 asian 492	bill's place 2315 clement st. san francisco 415-221-5262 hamburgers 721	0
509	mikado 3400 las vegas blvd. s las vegas 702/791 -7111 asian 446	madame ching's 3300 las vegas blvd. s. las vegas 702-894-7111 asian 662	0
510	inca grill 492 broome st. near w. broadway new york 212/966 -3371 latin american 268	mesa grill 102 fifth ave. new york 212-807-7400 southwestern 47	0
511	em press court 3570 las vegas blvd. s las vegas 702/731 -7888 asian 438	chin's 3200 las vegas blvd. s. las vegas 702-733-8899 chinese 67	0
512	bally's big kitchen 3645 las vegas blvd. s las vegas 702/739 -4111 buffets 424	morton's of chicago ( las vegas ) 3200 las vegas blvd. s. las vegas 702-893-0703 steakhouses 667	0
513	tommy tang's 7313 melrose ave. los angeles 213/937 -5733 asian 167	le chardonnay ( los angeles ) 8284 melrose ave. los angeles 213-655-8880 french bistro 12	0
514	ferrier 29 e. 65th st. new york 212/772 -9000 french 238	john's pizzeria 48 w. 65th st. new york 212-721-7001 pizza 618	0
515	hong kong villa 2332 clement st. san francisco 415/752 -8833 asian 481	bill's place 2315 clement st. san francisco 415-221-5262 hamburgers 721	0
516	the bacchanal 3570 las vegas blvd. s las vegas 702/731 -7525 only in las vegas 449	spago ( las vegas ) 3500 las vegas blvd. s. las vegas 702-369-6300 californian 670	0
517	the bacchanal 3570 las vegas blvd. s las vegas 702/731 -7525 only in las vegas 449	madame ching's 3300 las vegas blvd. s. las vegas 702-894-7111 asian 662	0
518	arnie morton's of chicago 435 s. la cienega blv . los angeles 310/246 -1501 american 0	arnie morton's of chicago 435 s. la cienega blvd. los angeles 310-246-1501 steakhouses 0	1
519	citrus 6703 melrose ave. los angeles 213/857 -0034 californian 6	mo better meatty meat 7261 melrose ave. la 213-935-5280 hamburgers 579	0
520	bugsy's diner 3555 las vegas blvd. s las vegas 702/733 -3111 coffee shops/diners 431	michael's ( las vegas ) 3595 las vegas blvd. s. las vegas 702-737-7111 continental 664	0
521	tavola calda 7371 melrose ave. los angeles 213/658 -6340 italian 165	sweet lady jane 8360 melrose ave. la 213-653-7145 desserts 596	0
522	lespinasse 2 e. 55th st. new york 212/339 -6719 american 43	dawat 210 e. 58th st. new york 212-355-7555 indian 32	0
523	vong 200 e. 54th st. new york 212/486 -9592 american 373	dawat 210 e. 58th st. new york 212-355-7555 indian 32	0
524	chin's 3200 las vegas blvd. s las vegas 702/733 -8899 asian 67	chin's 3200 las vegas blvd. s. las vegas 702-733-8899 chinese 67	1
525	il nido 251 e. 53rd st. new york 212/753 -8450 italian 267	seryna 11 e. 53rd st. new york 212-980-9393 japanese 59	0
526	jean lafitte 68 w. 58th st. new york 212/751 -2323 french 272	petrossian 182 w. 58th st. new york 212-245-2214 russian 52	0
527	mikado 3400 las vegas blvd. s las vegas 702/791 -7111 asian 446	steak house the 2880 las vegas blvd. s. las vegas 702-734-0410 steakhouses 72	0
528	luna si 1931 peachtree rd. atlanta 404/355 -5993 continental 405	ritz-carlton restaurant 181 peachtree st. atlanta 404-659-0400 french ( classic ) 91	0
529	four seasons grill room 99 e. 52nd st. new york 212/754 -9494 american 34	21 club 21 w. 52nd st. new york 212-582-7200 american ( new ) 23	0
530	golden steer 308 w. sahara ave. las vegas 702/384 -4470 steak houses 441	mayflower cuisinier 4750 w. sahara ave. las vegas 702-870-8432 chinese 663	0
531	camille's 1186 n. highland ave. atlanta 404/872 -7203 italian 388	carmine's 2450 broadway new york 212-362-2200 italian 28	0
532	em press court 3570 las vegas blvd. s las vegas 702/731 -7888 asian 438	buccaneer bay club 3300 las vegas blvd. s. las vegas 702-894-7350 continental 657	0
533	felidia 243 e. 58th st. new york 212/758 -1479 italian 33	petrossian 182 w. 58th st. new york 212-245-2214 russian 52	0
534	viva mercado's 6182 w. flamingo rd. las vegas 702/871 -8826 mexican 451	till erman the 2245 e. flamingo rd. las vegas 702-731-4036 steakhouses 73	0
535	coyote cafe 3799 las vegas blvd. s las vegas 702/891 -7349 southwestern 68	morton's of chicago ( las vegas ) 3200 las vegas blvd. s. las vegas 702-893-0703 steakhouses 667	0
536	le colonial 149 e. 57th st. new york 212 / 752-0808 asian 286	lutece 249 e. 50th st. new york 212-752-2225 french ( classic ) 44	0
537	tomtom 3393 peachtree rd. atlanta 404/264 -1163 continental 422	original pancake house ( at ) 4330 peachtree rd. atlanta 404-237-4116 american 708	0
538	palisades 1829 peachtree rd. atlanta 404/350 -6755 continental 410	ritz-carlton cafe ( buckhead ) 3434 peachtree rd. ne atlanta 404-237-2700 american ( new ) 89	0
539	art's delicatessen 12224 ventura blvd. studio 818/762 -1221 american 1	art's deli 12224 ventura blvd. studio 818-762-1221 delis 1	1
540	carnegie deli 854 7th ave. between 54th and 55th sts . new york 212/757 -2245 delicatessen 29	carnegie deli 854 seventh ave. new york 212-757-2245 delis 29	1
541	orso 322 w. 46th st. new york 212/489 -7212 italian 316	island spice 402 w. 44th st. new york 212-765-1737 caribbean 37	0
542	annie's thai castle 3195 roswell rd. atlanta 404/264 -9546 asian 381	la fonda latina 4427 roswell rd. atlanta 404-303-8201 spanish 701	0
543	judson grill 152 w. 52nd st. new york 212/582 -5252 american 276	21 club 21 w. 52nd st. new york 212-582-7200 american ( new ) 23	0
544	manhattan ocean club 57 w. 58th st. new york 212 / 371-7777 seafood 45	les celebrites 155 w. 58th st. new york 212-484-5113 french ( classic ) 42	0
545	teresa's 103 1st ave. between 6th and 7th sts . new york 212/228 -0604 east european 358	teresa's 80 montague st. queens 718-520-2910 polish 647	0
546	toulouse b peachtree rd. atlanta 404/351 -9533 french 92	palm the ( atlanta ) 3391 peachtree rd. ne atlanta 404-814-1955 steakhouses 709	0
547	citrus 6703 melrose ave. los angeles 213/857 -0034 californian 6	johnny rockets ( la ) 7507 melrose ave. la 213-651-3361 american 564	0
548	cafe pierre 2 e. 61st st. new york 212/940 -8185 french 203	lespinasse ( new york ) 2 e. 55th st. new york 212-339-6719 asian 43	0
549	yoyo tsumami bistro 1611 post st. san francisco 415/922 -7788 french 530	mifune 1737 post st. san francisco 415-922-0337 japanese 107	0
550	dining room ritz-carlton buckhead 3434 peachtree rd. atlanta 404/237 -2700 international 90	ritz-carlton cafe ( buckhead ) 3434 peachtree rd. ne atlanta 404-237-2700 american ( new ) 89	0
551	steak house 2880 las vegas blvd. s las vegas 702/734 -0410 steak houses 72	michael's ( las vegas ) 3595 las vegas blvd. s. las vegas 702-737-7111 continental 664	0
552	des alpes 732 broadway san francisco 415/788 -9900 french 468	montrachet 239 w. broadway new york 212-219-2777 french bistro 49	0
553	bugsy's diner 3555 las vegas blvd. s las vegas 702/733 -3111 coffee shops/diners 431	chin's 3200 las vegas blvd. s. las vegas 702-733-8899 chinese 67	0
554	jewel of india 15 w. 44th st. new york 212/869 -5544 asian 273	virgil's real bbq 152 w. 44th st. new york 212-921-9494 bbq 66	0
555	shaan 57 w. 48th st. new york 212 / 977-8400 asian 349	manhattan ocean club 57 w. 58th st. new york 212-371-7777 seafood 45	0
556	fleur de jour 348 e. 62nd st. new york 212/355 -2020 coffee bar 245	la grenouille 3 e. 52nd st. new york 212-752-1495 french ( classic ) 623	0
557	dive ! 10250 santa monica blvd. los angeles 310/788 - dive american 128	cafe blanc 9777 little santa monica blvd. beverly hills 310-888-0108 pacific new wave 546	0
558	bizou 598 fourth st. san francisco 415/543 -2222 french 459	cucina di pesce 87 e. fourth st. new york 212-260-6800 seafood 608	0
559	tillerman 2245 e. flamingo rd. las vegas 702/731 -4036 seafood 73	fiore rotisserie & grille 3700 w. flamingo rd. las vegas 702-252-7702 italian 660	0
560	petrossian 182 w. 58th st. new york 212/245 -2214 french 52	dawat 210 e. 58th st. new york 212-355-7555 indian 32	0
561	le chardonnay 8284 melrose ave. los angeles 213/655 -8880 french 12	johnny rockets ( la ) 7507 melrose ave. la 213-651-3361 american 564	0
562	bamboo garden 4850 flamingo rd. las vegas 702/871 -3262 asian 425	till erman the 2245 e. flamingo rd. las vegas 702-731-4036 steakhouses 73	0
563	cafe bizou 14016 ventura blvd. sherman oaks 818/788 -3536 french 3	sushi nozawa 11288 ventura blvd. studio 818-508-7017 japanese 595	0
564	bistango 1100 peachtree st. atlanta 404/724 -0901 mediterranean 386	morton's of chicago ( atlanta ) 303 peachtree st. ne atlanta 404-577-4366 steakhouses 704	0
565	circus circus 2880 las vegas blvd. s las vegas 702/734 -0410 buffets 437	madame ching's 3300 las vegas blvd. s. las vegas 702-894-7111 asian 662	0
566	abbey 163 ponce de leon ave. atlanta 404/876 -8532 international 379	majestic 1031 ponce de leon ave. atlanta 404-875-0276 diners 703	0
